Data,Video,Titolo video,Ora pubblicazione video,Iscritti persi
2020-04-01,Y0o6MNSO1JE,TESLA: La BOLLA è Finalmente Scoppiata?? | Nuovo Crollo dei Mercati,"Sep 6, 2020",0
2020-04-02,Y0o6MNSO1JE,TESLA: La BOLLA è Finalmente Scoppiata?? | Nuovo Crollo dei Mercati,"Sep 6, 2020",0
2020-04-03,Y0o6MNSO1JE,TESLA: La BOLLA è Finalmente Scoppiata?? | Nuovo Crollo dei Mercati,"Sep 6, 2020",0
2020-04-04,Y0o6MNSO1JE,TESLA: La BOLLA è Finalmente Scoppiata?? | Nuovo Crollo dei Mercati,"Sep 6, 2020",0
2020-04-05,Y0o6MNSO1JE,TESLA: La BOLLA è Finalmente Scoppiata?? | Nuovo Crollo dei Mercati,"Sep 6, 2020",0
2020-04-06,Y0o6MNSO1JE,TESLA: La BOLLA è Finalmente Scoppiata?? | Nuovo Crollo dei Mercati,"Sep 6, 2020",0
2020-04-07,Y0o6MNSO1JE,TESLA: La BOLLA è Finalmente Scoppiata?? | Nuovo Crollo dei Mercati,"Sep 6, 2020",0
2020-04-08,Y0o6MNSO1JE,TESLA: La BOLLA è Finalmente Scoppiata?? | Nuovo Crollo dei Mercati,"Sep 6, 2020",0
2020-04-09,Y0o6MNSO1JE,TESLA: La BOLLA è Finalmente Scoppiata?? | Nuovo Crollo dei Mercati,"Sep 6, 2020",0
2020-04-10,Y0o6MNSO1JE,TESLA: La BOLLA è Finalmente Scoppiata?? | Nuovo Crollo dei Mercati,"Sep 6, 2020",0
2020-04-11,Y0o6MNSO1JE,TESLA: La BOLLA è Finalmente Scoppiata?? | Nuovo Crollo dei Mercati,"Sep 6, 2020",0
2020-04-12,Y0o6MNSO1JE,TESLA: La BOLLA è Finalmente Scoppiata?? | Nuovo Crollo dei Mercati,"Sep 6, 2020",0
2020-04-13,Y0o6MNSO1JE,TESLA: La BOLLA è Finalmente Scoppiata?? | Nuovo Crollo dei Mercati,"Sep 6, 2020",0
2020-04-14,Y0o6MNSO1JE,TESLA: La BOLLA è Finalmente Scoppiata?? | Nuovo Crollo dei Mercati,"Sep 6, 2020",0
2020-04-15,Y0o6MNSO1JE,TESLA: La BOLLA è Finalmente Scoppiata?? | Nuovo Crollo dei Mercati,"Sep 6, 2020",0
2020-04-16,Y0o6MNSO1JE,TESLA: La BOLLA è Finalmente Scoppiata?? | Nuovo Crollo dei Mercati,"Sep 6, 2020",0
2020-04-17,Y0o6MNSO1JE,TESLA: La BOLLA è Finalmente Scoppiata?? | Nuovo Crollo dei Mercati,"Sep 6, 2020",0
2020-04-18,Y0o6MNSO1JE,TESLA: La BOLLA è Finalmente Scoppiata?? | Nuovo Crollo dei Mercati,"Sep 6, 2020",0
2020-04-19,Y0o6MNSO1JE,TESLA: La BOLLA è Finalmente Scoppiata?? | Nuovo Crollo dei Mercati,"Sep 6, 2020",0
2020-04-20,Y0o6MNSO1JE,TESLA: La BOLLA è Finalmente Scoppiata?? | Nuovo Crollo dei Mercati,"Sep 6, 2020",0
2020-04-21,Y0o6MNSO1JE,TESLA: La BOLLA è Finalmente Scoppiata?? | Nuovo Crollo dei Mercati,"Sep 6, 2020",0
2020-04-22,Y0o6MNSO1JE,TESLA: La BOLLA è Finalmente Scoppiata?? | Nuovo Crollo dei Mercati,"Sep 6, 2020",0
2020-04-23,Y0o6MNSO1JE,TESLA: La BOLLA è Finalmente Scoppiata?? | Nuovo Crollo dei Mercati,"Sep 6, 2020",0
2020-04-24,Y0o6MNSO1JE,TESLA: La BOLLA è Finalmente Scoppiata?? | Nuovo Crollo dei Mercati,"Sep 6, 2020",0
2020-04-25,Y0o6MNSO1JE,TESLA: La BOLLA è Finalmente Scoppiata?? | Nuovo Crollo dei Mercati,"Sep 6, 2020",0
2020-04-26,Y0o6MNSO1JE,TESLA: La BOLLA è Finalmente Scoppiata?? | Nuovo Crollo dei Mercati,"Sep 6, 2020",0
2020-04-27,Y0o6MNSO1JE,TESLA: La BOLLA è Finalmente Scoppiata?? | Nuovo Crollo dei Mercati,"Sep 6, 2020",0
2020-04-28,Y0o6MNSO1JE,TESLA: La BOLLA è Finalmente Scoppiata?? | Nuovo Crollo dei Mercati,"Sep 6, 2020",0
2020-04-29,Y0o6MNSO1JE,TESLA: La BOLLA è Finalmente Scoppiata?? | Nuovo Crollo dei Mercati,"Sep 6, 2020",0
2020-04-30,Y0o6MNSO1JE,TESLA: La BOLLA è Finalmente Scoppiata?? | Nuovo Crollo dei Mercati,"Sep 6, 2020",0
2020-05-01,Y0o6MNSO1JE,TESLA: La BOLLA è Finalmente Scoppiata?? | Nuovo Crollo dei Mercati,"Sep 6, 2020",0
2020-05-02,Y0o6MNSO1JE,TESLA: La BOLLA è Finalmente Scoppiata?? | Nuovo Crollo dei Mercati,"Sep 6, 2020",0
2020-05-03,Y0o6MNSO1JE,TESLA: La BOLLA è Finalmente Scoppiata?? | Nuovo Crollo dei Mercati,"Sep 6, 2020",0
2020-05-04,Y0o6MNSO1JE,TESLA: La BOLLA è Finalmente Scoppiata?? | Nuovo Crollo dei Mercati,"Sep 6, 2020",0
2020-05-05,Y0o6MNSO1JE,TESLA: La BOLLA è Finalmente Scoppiata?? | Nuovo Crollo dei Mercati,"Sep 6, 2020",0
2020-05-06,Y0o6MNSO1JE,TESLA: La BOLLA è Finalmente Scoppiata?? | Nuovo Crollo dei Mercati,"Sep 6, 2020",0
2020-05-07,Y0o6MNSO1JE,TESLA: La BOLLA è Finalmente Scoppiata?? | Nuovo Crollo dei Mercati,"Sep 6, 2020",0
2020-05-08,Y0o6MNSO1JE,TESLA: La BOLLA è Finalmente Scoppiata?? | Nuovo Crollo dei Mercati,"Sep 6, 2020",0
2020-05-09,Y0o6MNSO1JE,TESLA: La BOLLA è Finalmente Scoppiata?? | Nuovo Crollo dei Mercati,"Sep 6, 2020",0
2020-05-10,Y0o6MNSO1JE,TESLA: La BOLLA è Finalmente Scoppiata?? | Nuovo Crollo dei Mercati,"Sep 6, 2020",0
2020-05-11,Y0o6MNSO1JE,TESLA: La BOLLA è Finalmente Scoppiata?? | Nuovo Crollo dei Mercati,"Sep 6, 2020",0
2020-05-12,Y0o6MNSO1JE,TESLA: La BOLLA è Finalmente Scoppiata?? | Nuovo Crollo dei Mercati,"Sep 6, 2020",0
2020-05-13,Y0o6MNSO1JE,TESLA: La BOLLA è Finalmente Scoppiata?? | Nuovo Crollo dei Mercati,"Sep 6, 2020",0
2020-05-14,Y0o6MNSO1JE,TESLA: La BOLLA è Finalmente Scoppiata?? | Nuovo Crollo dei Mercati,"Sep 6, 2020",0
2020-05-15,Y0o6MNSO1JE,TESLA: La BOLLA è Finalmente Scoppiata?? | Nuovo Crollo dei Mercati,"Sep 6, 2020",0
2020-05-16,Y0o6MNSO1JE,TESLA: La BOLLA è Finalmente Scoppiata?? | Nuovo Crollo dei Mercati,"Sep 6, 2020",0
2020-05-17,Y0o6MNSO1JE,TESLA: La BOLLA è Finalmente Scoppiata?? | Nuovo Crollo dei Mercati,"Sep 6, 2020",0
2020-05-18,Y0o6MNSO1JE,TESLA: La BOLLA è Finalmente Scoppiata?? | Nuovo Crollo dei Mercati,"Sep 6, 2020",0
2020-05-19,Y0o6MNSO1JE,TESLA: La BOLLA è Finalmente Scoppiata?? | Nuovo Crollo dei Mercati,"Sep 6, 2020",0
2020-05-20,Y0o6MNSO1JE,TESLA: La BOLLA è Finalmente Scoppiata?? | Nuovo Crollo dei Mercati,"Sep 6, 2020",0
2020-05-21,Y0o6MNSO1JE,TESLA: La BOLLA è Finalmente Scoppiata?? | Nuovo Crollo dei Mercati,"Sep 6, 2020",0
2020-05-22,Y0o6MNSO1JE,TESLA: La BOLLA è Finalmente Scoppiata?? | Nuovo Crollo dei Mercati,"Sep 6, 2020",0
2020-05-23,Y0o6MNSO1JE,TESLA: La BOLLA è Finalmente Scoppiata?? | Nuovo Crollo dei Mercati,"Sep 6, 2020",0
2020-05-24,Y0o6MNSO1JE,TESLA: La BOLLA è Finalmente Scoppiata?? | Nuovo Crollo dei Mercati,"Sep 6, 2020",0
2020-05-25,Y0o6MNSO1JE,TESLA: La BOLLA è Finalmente Scoppiata?? | Nuovo Crollo dei Mercati,"Sep 6, 2020",0
2020-05-26,Y0o6MNSO1JE,TESLA: La BOLLA è Finalmente Scoppiata?? | Nuovo Crollo dei Mercati,"Sep 6, 2020",0
2020-05-27,Y0o6MNSO1JE,TESLA: La BOLLA è Finalmente Scoppiata?? | Nuovo Crollo dei Mercati,"Sep 6, 2020",0
2020-05-28,Y0o6MNSO1JE,TESLA: La BOLLA è Finalmente Scoppiata?? | Nuovo Crollo dei Mercati,"Sep 6, 2020",0
2020-05-29,Y0o6MNSO1JE,TESLA: La BOLLA è Finalmente Scoppiata?? | Nuovo Crollo dei Mercati,"Sep 6, 2020",0
2020-05-30,Y0o6MNSO1JE,TESLA: La BOLLA è Finalmente Scoppiata?? | Nuovo Crollo dei Mercati,"Sep 6, 2020",0
2020-05-31,Y0o6MNSO1JE,TESLA: La BOLLA è Finalmente Scoppiata?? | Nuovo Crollo dei Mercati,"Sep 6, 2020",0
2020-06-01,Y0o6MNSO1JE,TESLA: La BOLLA è Finalmente Scoppiata?? | Nuovo Crollo dei Mercati,"Sep 6, 2020",0
2020-06-02,Y0o6MNSO1JE,TESLA: La BOLLA è Finalmente Scoppiata?? | Nuovo Crollo dei Mercati,"Sep 6, 2020",0
2020-06-03,Y0o6MNSO1JE,TESLA: La BOLLA è Finalmente Scoppiata?? | Nuovo Crollo dei Mercati,"Sep 6, 2020",0
2020-06-04,Y0o6MNSO1JE,TESLA: La BOLLA è Finalmente Scoppiata?? | Nuovo Crollo dei Mercati,"Sep 6, 2020",0
2020-06-05,Y0o6MNSO1JE,TESLA: La BOLLA è Finalmente Scoppiata?? | Nuovo Crollo dei Mercati,"Sep 6, 2020",0
2020-06-06,Y0o6MNSO1JE,TESLA: La BOLLA è Finalmente Scoppiata?? | Nuovo Crollo dei Mercati,"Sep 6, 2020",0
2020-06-07,Y0o6MNSO1JE,TESLA: La BOLLA è Finalmente Scoppiata?? | Nuovo Crollo dei Mercati,"Sep 6, 2020",0
2020-06-08,Y0o6MNSO1JE,TESLA: La BOLLA è Finalmente Scoppiata?? | Nuovo Crollo dei Mercati,"Sep 6, 2020",0
2020-06-09,Y0o6MNSO1JE,TESLA: La BOLLA è Finalmente Scoppiata?? | Nuovo Crollo dei Mercati,"Sep 6, 2020",0
2020-06-10,Y0o6MNSO1JE,TESLA: La BOLLA è Finalmente Scoppiata?? | Nuovo Crollo dei Mercati,"Sep 6, 2020",0
2020-06-11,Y0o6MNSO1JE,TESLA: La BOLLA è Finalmente Scoppiata?? | Nuovo Crollo dei Mercati,"Sep 6, 2020",0
2020-06-12,Y0o6MNSO1JE,TESLA: La BOLLA è Finalmente Scoppiata?? | Nuovo Crollo dei Mercati,"Sep 6, 2020",0
2020-06-13,Y0o6MNSO1JE,TESLA: La BOLLA è Finalmente Scoppiata?? | Nuovo Crollo dei Mercati,"Sep 6, 2020",0
2020-06-14,Y0o6MNSO1JE,TESLA: La BOLLA è Finalmente Scoppiata?? | Nuovo Crollo dei Mercati,"Sep 6, 2020",0
2020-06-15,Y0o6MNSO1JE,TESLA: La BOLLA è Finalmente Scoppiata?? | Nuovo Crollo dei Mercati,"Sep 6, 2020",0
2020-06-16,Y0o6MNSO1JE,TESLA: La BOLLA è Finalmente Scoppiata?? | Nuovo Crollo dei Mercati,"Sep 6, 2020",0
2020-06-17,Y0o6MNSO1JE,TESLA: La BOLLA è Finalmente Scoppiata?? | Nuovo Crollo dei Mercati,"Sep 6, 2020",0
2020-06-18,Y0o6MNSO1JE,TESLA: La BOLLA è Finalmente Scoppiata?? | Nuovo Crollo dei Mercati,"Sep 6, 2020",0
2020-06-19,Y0o6MNSO1JE,TESLA: La BOLLA è Finalmente Scoppiata?? | Nuovo Crollo dei Mercati,"Sep 6, 2020",0
2020-06-20,Y0o6MNSO1JE,TESLA: La BOLLA è Finalmente Scoppiata?? | Nuovo Crollo dei Mercati,"Sep 6, 2020",0
2020-06-21,Y0o6MNSO1JE,TESLA: La BOLLA è Finalmente Scoppiata?? | Nuovo Crollo dei Mercati,"Sep 6, 2020",0
2020-06-22,Y0o6MNSO1JE,TESLA: La BOLLA è Finalmente Scoppiata?? | Nuovo Crollo dei Mercati,"Sep 6, 2020",0
2020-06-23,Y0o6MNSO1JE,TESLA: La BOLLA è Finalmente Scoppiata?? | Nuovo Crollo dei Mercati,"Sep 6, 2020",0
2020-06-24,Y0o6MNSO1JE,TESLA: La BOLLA è Finalmente Scoppiata?? | Nuovo Crollo dei Mercati,"Sep 6, 2020",0
2020-06-25,Y0o6MNSO1JE,TESLA: La BOLLA è Finalmente Scoppiata?? | Nuovo Crollo dei Mercati,"Sep 6, 2020",0
2020-06-26,Y0o6MNSO1JE,TESLA: La BOLLA è Finalmente Scoppiata?? | Nuovo Crollo dei Mercati,"Sep 6, 2020",0
2020-06-27,Y0o6MNSO1JE,TESLA: La BOLLA è Finalmente Scoppiata?? | Nuovo Crollo dei Mercati,"Sep 6, 2020",0
2020-06-28,Y0o6MNSO1JE,TESLA: La BOLLA è Finalmente Scoppiata?? | Nuovo Crollo dei Mercati,"Sep 6, 2020",0
2020-06-29,Y0o6MNSO1JE,TESLA: La BOLLA è Finalmente Scoppiata?? | Nuovo Crollo dei Mercati,"Sep 6, 2020",0
2020-06-30,Y0o6MNSO1JE,TESLA: La BOLLA è Finalmente Scoppiata?? | Nuovo Crollo dei Mercati,"Sep 6, 2020",0
2020-07-01,Y0o6MNSO1JE,TESLA: La BOLLA è Finalmente Scoppiata?? | Nuovo Crollo dei Mercati,"Sep 6, 2020",0
2020-07-02,Y0o6MNSO1JE,TESLA: La BOLLA è Finalmente Scoppiata?? | Nuovo Crollo dei Mercati,"Sep 6, 2020",0
2020-07-03,Y0o6MNSO1JE,TESLA: La BOLLA è Finalmente Scoppiata?? | Nuovo Crollo dei Mercati,"Sep 6, 2020",0
2020-07-04,Y0o6MNSO1JE,TESLA: La BOLLA è Finalmente Scoppiata?? | Nuovo Crollo dei Mercati,"Sep 6, 2020",0
2020-07-05,Y0o6MNSO1JE,TESLA: La BOLLA è Finalmente Scoppiata?? | Nuovo Crollo dei Mercati,"Sep 6, 2020",0
2020-07-06,Y0o6MNSO1JE,TESLA: La BOLLA è Finalmente Scoppiata?? | Nuovo Crollo dei Mercati,"Sep 6, 2020",0
2020-07-07,Y0o6MNSO1JE,TESLA: La BOLLA è Finalmente Scoppiata?? | Nuovo Crollo dei Mercati,"Sep 6, 2020",0
2020-07-08,Y0o6MNSO1JE,TESLA: La BOLLA è Finalmente Scoppiata?? | Nuovo Crollo dei Mercati,"Sep 6, 2020",0
2020-07-09,Y0o6MNSO1JE,TESLA: La BOLLA è Finalmente Scoppiata?? | Nuovo Crollo dei Mercati,"Sep 6, 2020",0
2020-07-10,Y0o6MNSO1JE,TESLA: La BOLLA è Finalmente Scoppiata?? | Nuovo Crollo dei Mercati,"Sep 6, 2020",0
2020-07-11,Y0o6MNSO1JE,TESLA: La BOLLA è Finalmente Scoppiata?? | Nuovo Crollo dei Mercati,"Sep 6, 2020",0
2020-07-12,Y0o6MNSO1JE,TESLA: La BOLLA è Finalmente Scoppiata?? | Nuovo Crollo dei Mercati,"Sep 6, 2020",0
2020-07-13,Y0o6MNSO1JE,TESLA: La BOLLA è Finalmente Scoppiata?? | Nuovo Crollo dei Mercati,"Sep 6, 2020",0
2020-07-14,Y0o6MNSO1JE,TESLA: La BOLLA è Finalmente Scoppiata?? | Nuovo Crollo dei Mercati,"Sep 6, 2020",0
2020-07-15,Y0o6MNSO1JE,TESLA: La BOLLA è Finalmente Scoppiata?? | Nuovo Crollo dei Mercati,"Sep 6, 2020",0
2020-07-16,Y0o6MNSO1JE,TESLA: La BOLLA è Finalmente Scoppiata?? | Nuovo Crollo dei Mercati,"Sep 6, 2020",0
2020-07-17,Y0o6MNSO1JE,TESLA: La BOLLA è Finalmente Scoppiata?? | Nuovo Crollo dei Mercati,"Sep 6, 2020",0
2020-07-18,Y0o6MNSO1JE,TESLA: La BOLLA è Finalmente Scoppiata?? | Nuovo Crollo dei Mercati,"Sep 6, 2020",0
2020-07-19,Y0o6MNSO1JE,TESLA: La BOLLA è Finalmente Scoppiata?? | Nuovo Crollo dei Mercati,"Sep 6, 2020",0
2020-07-20,Y0o6MNSO1JE,TESLA: La BOLLA è Finalmente Scoppiata?? | Nuovo Crollo dei Mercati,"Sep 6, 2020",0
2020-07-21,Y0o6MNSO1JE,TESLA: La BOLLA è Finalmente Scoppiata?? | Nuovo Crollo dei Mercati,"Sep 6, 2020",0
2020-07-22,Y0o6MNSO1JE,TESLA: La BOLLA è Finalmente Scoppiata?? | Nuovo Crollo dei Mercati,"Sep 6, 2020",0
2020-07-23,Y0o6MNSO1JE,TESLA: La BOLLA è Finalmente Scoppiata?? | Nuovo Crollo dei Mercati,"Sep 6, 2020",0
2020-07-24,Y0o6MNSO1JE,TESLA: La BOLLA è Finalmente Scoppiata?? | Nuovo Crollo dei Mercati,"Sep 6, 2020",0
2020-07-25,Y0o6MNSO1JE,TESLA: La BOLLA è Finalmente Scoppiata?? | Nuovo Crollo dei Mercati,"Sep 6, 2020",0
2020-07-26,Y0o6MNSO1JE,TESLA: La BOLLA è Finalmente Scoppiata?? | Nuovo Crollo dei Mercati,"Sep 6, 2020",0
2020-07-27,Y0o6MNSO1JE,TESLA: La BOLLA è Finalmente Scoppiata?? | Nuovo Crollo dei Mercati,"Sep 6, 2020",0
2020-07-28,Y0o6MNSO1JE,TESLA: La BOLLA è Finalmente Scoppiata?? | Nuovo Crollo dei Mercati,"Sep 6, 2020",0
2020-07-29,Y0o6MNSO1JE,TESLA: La BOLLA è Finalmente Scoppiata?? | Nuovo Crollo dei Mercati,"Sep 6, 2020",0
2020-07-30,Y0o6MNSO1JE,TESLA: La BOLLA è Finalmente Scoppiata?? | Nuovo Crollo dei Mercati,"Sep 6, 2020",0
2020-07-31,Y0o6MNSO1JE,TESLA: La BOLLA è Finalmente Scoppiata?? | Nuovo Crollo dei Mercati,"Sep 6, 2020",0
2020-08-01,Y0o6MNSO1JE,TESLA: La BOLLA è Finalmente Scoppiata?? | Nuovo Crollo dei Mercati,"Sep 6, 2020",0
2020-08-02,Y0o6MNSO1JE,TESLA: La BOLLA è Finalmente Scoppiata?? | Nuovo Crollo dei Mercati,"Sep 6, 2020",0
2020-08-03,Y0o6MNSO1JE,TESLA: La BOLLA è Finalmente Scoppiata?? | Nuovo Crollo dei Mercati,"Sep 6, 2020",0
2020-08-04,Y0o6MNSO1JE,TESLA: La BOLLA è Finalmente Scoppiata?? | Nuovo Crollo dei Mercati,"Sep 6, 2020",0
2020-08-05,Y0o6MNSO1JE,TESLA: La BOLLA è Finalmente Scoppiata?? | Nuovo Crollo dei Mercati,"Sep 6, 2020",0
2020-08-06,Y0o6MNSO1JE,TESLA: La BOLLA è Finalmente Scoppiata?? | Nuovo Crollo dei Mercati,"Sep 6, 2020",0
2020-08-07,Y0o6MNSO1JE,TESLA: La BOLLA è Finalmente Scoppiata?? | Nuovo Crollo dei Mercati,"Sep 6, 2020",0
2020-08-08,Y0o6MNSO1JE,TESLA: La BOLLA è Finalmente Scoppiata?? | Nuovo Crollo dei Mercati,"Sep 6, 2020",0
2020-08-09,Y0o6MNSO1JE,TESLA: La BOLLA è Finalmente Scoppiata?? | Nuovo Crollo dei Mercati,"Sep 6, 2020",0
2020-08-10,Y0o6MNSO1JE,TESLA: La BOLLA è Finalmente Scoppiata?? | Nuovo Crollo dei Mercati,"Sep 6, 2020",0
2020-08-11,Y0o6MNSO1JE,TESLA: La BOLLA è Finalmente Scoppiata?? | Nuovo Crollo dei Mercati,"Sep 6, 2020",0
2020-08-12,Y0o6MNSO1JE,TESLA: La BOLLA è Finalmente Scoppiata?? | Nuovo Crollo dei Mercati,"Sep 6, 2020",0
2020-08-13,Y0o6MNSO1JE,TESLA: La BOLLA è Finalmente Scoppiata?? | Nuovo Crollo dei Mercati,"Sep 6, 2020",0
2020-08-14,Y0o6MNSO1JE,TESLA: La BOLLA è Finalmente Scoppiata?? | Nuovo Crollo dei Mercati,"Sep 6, 2020",0
2020-08-15,Y0o6MNSO1JE,TESLA: La BOLLA è Finalmente Scoppiata?? | Nuovo Crollo dei Mercati,"Sep 6, 2020",0
2020-08-16,Y0o6MNSO1JE,TESLA: La BOLLA è Finalmente Scoppiata?? | Nuovo Crollo dei Mercati,"Sep 6, 2020",0
2020-08-17,Y0o6MNSO1JE,TESLA: La BOLLA è Finalmente Scoppiata?? | Nuovo Crollo dei Mercati,"Sep 6, 2020",0
2020-08-18,Y0o6MNSO1JE,TESLA: La BOLLA è Finalmente Scoppiata?? | Nuovo Crollo dei Mercati,"Sep 6, 2020",0
2020-08-19,Y0o6MNSO1JE,TESLA: La BOLLA è Finalmente Scoppiata?? | Nuovo Crollo dei Mercati,"Sep 6, 2020",0
2020-08-20,Y0o6MNSO1JE,TESLA: La BOLLA è Finalmente Scoppiata?? | Nuovo Crollo dei Mercati,"Sep 6, 2020",0
2020-08-21,Y0o6MNSO1JE,TESLA: La BOLLA è Finalmente Scoppiata?? | Nuovo Crollo dei Mercati,"Sep 6, 2020",0
2020-08-22,Y0o6MNSO1JE,TESLA: La BOLLA è Finalmente Scoppiata?? | Nuovo Crollo dei Mercati,"Sep 6, 2020",0
2020-08-23,Y0o6MNSO1JE,TESLA: La BOLLA è Finalmente Scoppiata?? | Nuovo Crollo dei Mercati,"Sep 6, 2020",0
2020-08-24,Y0o6MNSO1JE,TESLA: La BOLLA è Finalmente Scoppiata?? | Nuovo Crollo dei Mercati,"Sep 6, 2020",0
2020-08-25,Y0o6MNSO1JE,TESLA: La BOLLA è Finalmente Scoppiata?? | Nuovo Crollo dei Mercati,"Sep 6, 2020",0
2020-08-26,Y0o6MNSO1JE,TESLA: La BOLLA è Finalmente Scoppiata?? | Nuovo Crollo dei Mercati,"Sep 6, 2020",0
2020-08-27,Y0o6MNSO1JE,TESLA: La BOLLA è Finalmente Scoppiata?? | Nuovo Crollo dei Mercati,"Sep 6, 2020",0
2020-08-28,Y0o6MNSO1JE,TESLA: La BOLLA è Finalmente Scoppiata?? | Nuovo Crollo dei Mercati,"Sep 6, 2020",0
2020-08-29,Y0o6MNSO1JE,TESLA: La BOLLA è Finalmente Scoppiata?? | Nuovo Crollo dei Mercati,"Sep 6, 2020",0
2020-08-30,Y0o6MNSO1JE,TESLA: La BOLLA è Finalmente Scoppiata?? | Nuovo Crollo dei Mercati,"Sep 6, 2020",0
2020-08-31,Y0o6MNSO1JE,TESLA: La BOLLA è Finalmente Scoppiata?? | Nuovo Crollo dei Mercati,"Sep 6, 2020",0
2020-09-01,Y0o6MNSO1JE,TESLA: La BOLLA è Finalmente Scoppiata?? | Nuovo Crollo dei Mercati,"Sep 6, 2020",0
2020-09-02,Y0o6MNSO1JE,TESLA: La BOLLA è Finalmente Scoppiata?? | Nuovo Crollo dei Mercati,"Sep 6, 2020",0
2020-09-03,Y0o6MNSO1JE,TESLA: La BOLLA è Finalmente Scoppiata?? | Nuovo Crollo dei Mercati,"Sep 6, 2020",0
2020-09-04,Y0o6MNSO1JE,TESLA: La BOLLA è Finalmente Scoppiata?? | Nuovo Crollo dei Mercati,"Sep 6, 2020",0
2020-09-05,Y0o6MNSO1JE,TESLA: La BOLLA è Finalmente Scoppiata?? | Nuovo Crollo dei Mercati,"Sep 6, 2020",0
2020-09-06,Y0o6MNSO1JE,TESLA: La BOLLA è Finalmente Scoppiata?? | Nuovo Crollo dei Mercati,"Sep 6, 2020",1
2020-09-07,Y0o6MNSO1JE,TESLA: La BOLLA è Finalmente Scoppiata?? | Nuovo Crollo dei Mercati,"Sep 6, 2020",0
2020-09-08,Y0o6MNSO1JE,TESLA: La BOLLA è Finalmente Scoppiata?? | Nuovo Crollo dei Mercati,"Sep 6, 2020",1
2020-09-09,Y0o6MNSO1JE,TESLA: La BOLLA è Finalmente Scoppiata?? | Nuovo Crollo dei Mercati,"Sep 6, 2020",1
2020-09-10,Y0o6MNSO1JE,TESLA: La BOLLA è Finalmente Scoppiata?? | Nuovo Crollo dei Mercati,"Sep 6, 2020",0
2020-09-11,Y0o6MNSO1JE,TESLA: La BOLLA è Finalmente Scoppiata?? | Nuovo Crollo dei Mercati,"Sep 6, 2020",0
2020-09-12,Y0o6MNSO1JE,TESLA: La BOLLA è Finalmente Scoppiata?? | Nuovo Crollo dei Mercati,"Sep 6, 2020",0
2020-09-13,Y0o6MNSO1JE,TESLA: La BOLLA è Finalmente Scoppiata?? | Nuovo Crollo dei Mercati,"Sep 6, 2020",0
2020-09-14,Y0o6MNSO1JE,TESLA: La BOLLA è Finalmente Scoppiata?? | Nuovo Crollo dei Mercati,"Sep 6, 2020",0
2020-09-15,Y0o6MNSO1JE,TESLA: La BOLLA è Finalmente Scoppiata?? | Nuovo Crollo dei Mercati,"Sep 6, 2020",0
2020-09-16,Y0o6MNSO1JE,TESLA: La BOLLA è Finalmente Scoppiata?? | Nuovo Crollo dei Mercati,"Sep 6, 2020",0
2020-09-17,Y0o6MNSO1JE,TESLA: La BOLLA è Finalmente Scoppiata?? | Nuovo Crollo dei Mercati,"Sep 6, 2020",0
2020-09-18,Y0o6MNSO1JE,TESLA: La BOLLA è Finalmente Scoppiata?? | Nuovo Crollo dei Mercati,"Sep 6, 2020",0
2020-09-19,Y0o6MNSO1JE,TESLA: La BOLLA è Finalmente Scoppiata?? | Nuovo Crollo dei Mercati,"Sep 6, 2020",0
2020-09-20,Y0o6MNSO1JE,TESLA: La BOLLA è Finalmente Scoppiata?? | Nuovo Crollo dei Mercati,"Sep 6, 2020",0
2020-09-21,Y0o6MNSO1JE,TESLA: La BOLLA è Finalmente Scoppiata?? | Nuovo Crollo dei Mercati,"Sep 6, 2020",0
2020-09-22,Y0o6MNSO1JE,TESLA: La BOLLA è Finalmente Scoppiata?? | Nuovo Crollo dei Mercati,"Sep 6, 2020",0
2020-09-23,Y0o6MNSO1JE,TESLA: La BOLLA è Finalmente Scoppiata?? | Nuovo Crollo dei Mercati,"Sep 6, 2020",0
2020-09-24,Y0o6MNSO1JE,TESLA: La BOLLA è Finalmente Scoppiata?? | Nuovo Crollo dei Mercati,"Sep 6, 2020",0
2020-09-25,Y0o6MNSO1JE,TESLA: La BOLLA è Finalmente Scoppiata?? | Nuovo Crollo dei Mercati,"Sep 6, 2020",0
2020-09-26,Y0o6MNSO1JE,TESLA: La BOLLA è Finalmente Scoppiata?? | Nuovo Crollo dei Mercati,"Sep 6, 2020",0
2020-09-27,Y0o6MNSO1JE,TESLA: La BOLLA è Finalmente Scoppiata?? | Nuovo Crollo dei Mercati,"Sep 6, 2020",0
2020-09-28,Y0o6MNSO1JE,TESLA: La BOLLA è Finalmente Scoppiata?? | Nuovo Crollo dei Mercati,"Sep 6, 2020",0
2020-09-29,Y0o6MNSO1JE,TESLA: La BOLLA è Finalmente Scoppiata?? | Nuovo Crollo dei Mercati,"Sep 6, 2020",0
2020-09-30,Y0o6MNSO1JE,TESLA: La BOLLA è Finalmente Scoppiata?? | Nuovo Crollo dei Mercati,"Sep 6, 2020",0
2020-10-01,Y0o6MNSO1JE,TESLA: La BOLLA è Finalmente Scoppiata?? | Nuovo Crollo dei Mercati,"Sep 6, 2020",0
2020-10-02,Y0o6MNSO1JE,TESLA: La BOLLA è Finalmente Scoppiata?? | Nuovo Crollo dei Mercati,"Sep 6, 2020",0
2020-10-03,Y0o6MNSO1JE,TESLA: La BOLLA è Finalmente Scoppiata?? | Nuovo Crollo dei Mercati,"Sep 6, 2020",0
2020-10-04,Y0o6MNSO1JE,TESLA: La BOLLA è Finalmente Scoppiata?? | Nuovo Crollo dei Mercati,"Sep 6, 2020",0
2020-10-05,Y0o6MNSO1JE,TESLA: La BOLLA è Finalmente Scoppiata?? | Nuovo Crollo dei Mercati,"Sep 6, 2020",0
2020-10-06,Y0o6MNSO1JE,TESLA: La BOLLA è Finalmente Scoppiata?? | Nuovo Crollo dei Mercati,"Sep 6, 2020",0
2020-10-07,Y0o6MNSO1JE,TESLA: La BOLLA è Finalmente Scoppiata?? | Nuovo Crollo dei Mercati,"Sep 6, 2020",0
2020-10-08,Y0o6MNSO1JE,TESLA: La BOLLA è Finalmente Scoppiata?? | Nuovo Crollo dei Mercati,"Sep 6, 2020",0
2020-10-09,Y0o6MNSO1JE,TESLA: La BOLLA è Finalmente Scoppiata?? | Nuovo Crollo dei Mercati,"Sep 6, 2020",0
2020-10-10,Y0o6MNSO1JE,TESLA: La BOLLA è Finalmente Scoppiata?? | Nuovo Crollo dei Mercati,"Sep 6, 2020",0
2020-10-11,Y0o6MNSO1JE,TESLA: La BOLLA è Finalmente Scoppiata?? | Nuovo Crollo dei Mercati,"Sep 6, 2020",0
2020-10-12,Y0o6MNSO1JE,TESLA: La BOLLA è Finalmente Scoppiata?? | Nuovo Crollo dei Mercati,"Sep 6, 2020",0
2020-10-13,Y0o6MNSO1JE,TESLA: La BOLLA è Finalmente Scoppiata?? | Nuovo Crollo dei Mercati,"Sep 6, 2020",0
2020-10-14,Y0o6MNSO1JE,TESLA: La BOLLA è Finalmente Scoppiata?? | Nuovo Crollo dei Mercati,"Sep 6, 2020",0
2020-10-15,Y0o6MNSO1JE,TESLA: La BOLLA è Finalmente Scoppiata?? | Nuovo Crollo dei Mercati,"Sep 6, 2020",0
2020-10-16,Y0o6MNSO1JE,TESLA: La BOLLA è Finalmente Scoppiata?? | Nuovo Crollo dei Mercati,"Sep 6, 2020",0
2020-10-17,Y0o6MNSO1JE,TESLA: La BOLLA è Finalmente Scoppiata?? | Nuovo Crollo dei Mercati,"Sep 6, 2020",0
2020-10-18,Y0o6MNSO1JE,TESLA: La BOLLA è Finalmente Scoppiata?? | Nuovo Crollo dei Mercati,"Sep 6, 2020",0
2020-10-19,Y0o6MNSO1JE,TESLA: La BOLLA è Finalmente Scoppiata?? | Nuovo Crollo dei Mercati,"Sep 6, 2020",0
2020-10-20,Y0o6MNSO1JE,TESLA: La BOLLA è Finalmente Scoppiata?? | Nuovo Crollo dei Mercati,"Sep 6, 2020",0
2020-10-21,Y0o6MNSO1JE,TESLA: La BOLLA è Finalmente Scoppiata?? | Nuovo Crollo dei Mercati,"Sep 6, 2020",0
2020-10-22,Y0o6MNSO1JE,TESLA: La BOLLA è Finalmente Scoppiata?? | Nuovo Crollo dei Mercati,"Sep 6, 2020",0
2020-10-23,Y0o6MNSO1JE,TESLA: La BOLLA è Finalmente Scoppiata?? | Nuovo Crollo dei Mercati,"Sep 6, 2020",0
2020-10-24,Y0o6MNSO1JE,TESLA: La BOLLA è Finalmente Scoppiata?? | Nuovo Crollo dei Mercati,"Sep 6, 2020",0
2020-10-25,Y0o6MNSO1JE,TESLA: La BOLLA è Finalmente Scoppiata?? | Nuovo Crollo dei Mercati,"Sep 6, 2020",0
2020-10-26,Y0o6MNSO1JE,TESLA: La BOLLA è Finalmente Scoppiata?? | Nuovo Crollo dei Mercati,"Sep 6, 2020",0
2020-10-27,Y0o6MNSO1JE,TESLA: La BOLLA è Finalmente Scoppiata?? | Nuovo Crollo dei Mercati,"Sep 6, 2020",0
2020-10-28,Y0o6MNSO1JE,TESLA: La BOLLA è Finalmente Scoppiata?? | Nuovo Crollo dei Mercati,"Sep 6, 2020",0
2020-10-29,Y0o6MNSO1JE,TESLA: La BOLLA è Finalmente Scoppiata?? | Nuovo Crollo dei Mercati,"Sep 6, 2020",0
2020-10-30,Y0o6MNSO1JE,TESLA: La BOLLA è Finalmente Scoppiata?? | Nuovo Crollo dei Mercati,"Sep 6, 2020",0
2020-10-31,Y0o6MNSO1JE,TESLA: La BOLLA è Finalmente Scoppiata?? | Nuovo Crollo dei Mercati,"Sep 6, 2020",0
2020-11-01,Y0o6MNSO1JE,TESLA: La BOLLA è Finalmente Scoppiata?? | Nuovo Crollo dei Mercati,"Sep 6, 2020",0
2020-11-02,Y0o6MNSO1JE,TESLA: La BOLLA è Finalmente Scoppiata?? | Nuovo Crollo dei Mercati,"Sep 6, 2020",0
2020-11-03,Y0o6MNSO1JE,TESLA: La BOLLA è Finalmente Scoppiata?? | Nuovo Crollo dei Mercati,"Sep 6, 2020",0
2020-11-04,Y0o6MNSO1JE,TESLA: La BOLLA è Finalmente Scoppiata?? | Nuovo Crollo dei Mercati,"Sep 6, 2020",0
2020-11-05,Y0o6MNSO1JE,TESLA: La BOLLA è Finalmente Scoppiata?? | Nuovo Crollo dei Mercati,"Sep 6, 2020",0
2020-11-06,Y0o6MNSO1JE,TESLA: La BOLLA è Finalmente Scoppiata?? | Nuovo Crollo dei Mercati,"Sep 6, 2020",0
2020-11-07,Y0o6MNSO1JE,TESLA: La BOLLA è Finalmente Scoppiata?? | Nuovo Crollo dei Mercati,"Sep 6, 2020",0
2020-11-08,Y0o6MNSO1JE,TESLA: La BOLLA è Finalmente Scoppiata?? | Nuovo Crollo dei Mercati,"Sep 6, 2020",0
2020-11-09,Y0o6MNSO1JE,TESLA: La BOLLA è Finalmente Scoppiata?? | Nuovo Crollo dei Mercati,"Sep 6, 2020",0
2020-11-10,Y0o6MNSO1JE,TESLA: La BOLLA è Finalmente Scoppiata?? | Nuovo Crollo dei Mercati,"Sep 6, 2020",0
2020-11-11,Y0o6MNSO1JE,TESLA: La BOLLA è Finalmente Scoppiata?? | Nuovo Crollo dei Mercati,"Sep 6, 2020",0
2020-11-12,Y0o6MNSO1JE,TESLA: La BOLLA è Finalmente Scoppiata?? | Nuovo Crollo dei Mercati,"Sep 6, 2020",0
2020-11-13,Y0o6MNSO1JE,TESLA: La BOLLA è Finalmente Scoppiata?? | Nuovo Crollo dei Mercati,"Sep 6, 2020",0
2020-11-14,Y0o6MNSO1JE,TESLA: La BOLLA è Finalmente Scoppiata?? | Nuovo Crollo dei Mercati,"Sep 6, 2020",0
2020-11-15,Y0o6MNSO1JE,TESLA: La BOLLA è Finalmente Scoppiata?? | Nuovo Crollo dei Mercati,"Sep 6, 2020",0
2020-11-16,Y0o6MNSO1JE,TESLA: La BOLLA è Finalmente Scoppiata?? | Nuovo Crollo dei Mercati,"Sep 6, 2020",0
2020-11-17,Y0o6MNSO1JE,TESLA: La BOLLA è Finalmente Scoppiata?? | Nuovo Crollo dei Mercati,"Sep 6, 2020",0
2020-11-18,Y0o6MNSO1JE,TESLA: La BOLLA è Finalmente Scoppiata?? | Nuovo Crollo dei Mercati,"Sep 6, 2020",0
2020-11-19,Y0o6MNSO1JE,TESLA: La BOLLA è Finalmente Scoppiata?? | Nuovo Crollo dei Mercati,"Sep 6, 2020",0
2020-11-20,Y0o6MNSO1JE,TESLA: La BOLLA è Finalmente Scoppiata?? | Nuovo Crollo dei Mercati,"Sep 6, 2020",0
2020-11-21,Y0o6MNSO1JE,TESLA: La BOLLA è Finalmente Scoppiata?? | Nuovo Crollo dei Mercati,"Sep 6, 2020",0
2020-11-22,Y0o6MNSO1JE,TESLA: La BOLLA è Finalmente Scoppiata?? | Nuovo Crollo dei Mercati,"Sep 6, 2020",0
2020-11-23,Y0o6MNSO1JE,TESLA: La BOLLA è Finalmente Scoppiata?? | Nuovo Crollo dei Mercati,"Sep 6, 2020",0
2020-11-24,Y0o6MNSO1JE,TESLA: La BOLLA è Finalmente Scoppiata?? | Nuovo Crollo dei Mercati,"Sep 6, 2020",0
2020-11-25,Y0o6MNSO1JE,TESLA: La BOLLA è Finalmente Scoppiata?? | Nuovo Crollo dei Mercati,"Sep 6, 2020",0
2020-11-26,Y0o6MNSO1JE,TESLA: La BOLLA è Finalmente Scoppiata?? | Nuovo Crollo dei Mercati,"Sep 6, 2020",0
2020-11-27,Y0o6MNSO1JE,TESLA: La BOLLA è Finalmente Scoppiata?? | Nuovo Crollo dei Mercati,"Sep 6, 2020",0
2020-11-28,Y0o6MNSO1JE,TESLA: La BOLLA è Finalmente Scoppiata?? | Nuovo Crollo dei Mercati,"Sep 6, 2020",0
2020-11-29,Y0o6MNSO1JE,TESLA: La BOLLA è Finalmente Scoppiata?? | Nuovo Crollo dei Mercati,"Sep 6, 2020",0
2020-11-30,Y0o6MNSO1JE,TESLA: La BOLLA è Finalmente Scoppiata?? | Nuovo Crollo dei Mercati,"Sep 6, 2020",0
2020-12-01,Y0o6MNSO1JE,TESLA: La BOLLA è Finalmente Scoppiata?? | Nuovo Crollo dei Mercati,"Sep 6, 2020",0
2020-12-02,Y0o6MNSO1JE,TESLA: La BOLLA è Finalmente Scoppiata?? | Nuovo Crollo dei Mercati,"Sep 6, 2020",0
2020-12-03,Y0o6MNSO1JE,TESLA: La BOLLA è Finalmente Scoppiata?? | Nuovo Crollo dei Mercati,"Sep 6, 2020",0
2020-12-04,Y0o6MNSO1JE,TESLA: La BOLLA è Finalmente Scoppiata?? | Nuovo Crollo dei Mercati,"Sep 6, 2020",0
2020-12-05,Y0o6MNSO1JE,TESLA: La BOLLA è Finalmente Scoppiata?? | Nuovo Crollo dei Mercati,"Sep 6, 2020",0
2020-12-06,Y0o6MNSO1JE,TESLA: La BOLLA è Finalmente Scoppiata?? | Nuovo Crollo dei Mercati,"Sep 6, 2020",0
2020-12-07,Y0o6MNSO1JE,TESLA: La BOLLA è Finalmente Scoppiata?? | Nuovo Crollo dei Mercati,"Sep 6, 2020",0
2020-12-08,Y0o6MNSO1JE,TESLA: La BOLLA è Finalmente Scoppiata?? | Nuovo Crollo dei Mercati,"Sep 6, 2020",0
2020-12-09,Y0o6MNSO1JE,TESLA: La BOLLA è Finalmente Scoppiata?? | Nuovo Crollo dei Mercati,"Sep 6, 2020",0
2020-12-10,Y0o6MNSO1JE,TESLA: La BOLLA è Finalmente Scoppiata?? | Nuovo Crollo dei Mercati,"Sep 6, 2020",0
2020-12-11,Y0o6MNSO1JE,TESLA: La BOLLA è Finalmente Scoppiata?? | Nuovo Crollo dei Mercati,"Sep 6, 2020",0
2020-04-01,tnC2bTe7btY,NIO: BOLLA o OCCASIONE?? | Analisi Trimestrale Nio,"Nov 21, 2020",0
2020-04-02,tnC2bTe7btY,NIO: BOLLA o OCCASIONE?? | Analisi Trimestrale Nio,"Nov 21, 2020",0
2020-04-03,tnC2bTe7btY,NIO: BOLLA o OCCASIONE?? | Analisi Trimestrale Nio,"Nov 21, 2020",0
2020-04-04,tnC2bTe7btY,NIO: BOLLA o OCCASIONE?? | Analisi Trimestrale Nio,"Nov 21, 2020",0
2020-04-05,tnC2bTe7btY,NIO: BOLLA o OCCASIONE?? | Analisi Trimestrale Nio,"Nov 21, 2020",0
2020-04-06,tnC2bTe7btY,NIO: BOLLA o OCCASIONE?? | Analisi Trimestrale Nio,"Nov 21, 2020",0
2020-04-07,tnC2bTe7btY,NIO: BOLLA o OCCASIONE?? | Analisi Trimestrale Nio,"Nov 21, 2020",0
2020-04-08,tnC2bTe7btY,NIO: BOLLA o OCCASIONE?? | Analisi Trimestrale Nio,"Nov 21, 2020",0
2020-04-09,tnC2bTe7btY,NIO: BOLLA o OCCASIONE?? | Analisi Trimestrale Nio,"Nov 21, 2020",0
2020-04-10,tnC2bTe7btY,NIO: BOLLA o OCCASIONE?? | Analisi Trimestrale Nio,"Nov 21, 2020",0
2020-04-11,tnC2bTe7btY,NIO: BOLLA o OCCASIONE?? | Analisi Trimestrale Nio,"Nov 21, 2020",0
2020-04-12,tnC2bTe7btY,NIO: BOLLA o OCCASIONE?? | Analisi Trimestrale Nio,"Nov 21, 2020",0
2020-04-13,tnC2bTe7btY,NIO: BOLLA o OCCASIONE?? | Analisi Trimestrale Nio,"Nov 21, 2020",0
2020-04-14,tnC2bTe7btY,NIO: BOLLA o OCCASIONE?? | Analisi Trimestrale Nio,"Nov 21, 2020",0
2020-04-15,tnC2bTe7btY,NIO: BOLLA o OCCASIONE?? | Analisi Trimestrale Nio,"Nov 21, 2020",0
2020-04-16,tnC2bTe7btY,NIO: BOLLA o OCCASIONE?? | Analisi Trimestrale Nio,"Nov 21, 2020",0
2020-04-17,tnC2bTe7btY,NIO: BOLLA o OCCASIONE?? | Analisi Trimestrale Nio,"Nov 21, 2020",0
2020-04-18,tnC2bTe7btY,NIO: BOLLA o OCCASIONE?? | Analisi Trimestrale Nio,"Nov 21, 2020",0
2020-04-19,tnC2bTe7btY,NIO: BOLLA o OCCASIONE?? | Analisi Trimestrale Nio,"Nov 21, 2020",0
2020-04-20,tnC2bTe7btY,NIO: BOLLA o OCCASIONE?? | Analisi Trimestrale Nio,"Nov 21, 2020",0
2020-04-21,tnC2bTe7btY,NIO: BOLLA o OCCASIONE?? | Analisi Trimestrale Nio,"Nov 21, 2020",0
2020-04-22,tnC2bTe7btY,NIO: BOLLA o OCCASIONE?? | Analisi Trimestrale Nio,"Nov 21, 2020",0
2020-04-23,tnC2bTe7btY,NIO: BOLLA o OCCASIONE?? | Analisi Trimestrale Nio,"Nov 21, 2020",0
2020-04-24,tnC2bTe7btY,NIO: BOLLA o OCCASIONE?? | Analisi Trimestrale Nio,"Nov 21, 2020",0
2020-04-25,tnC2bTe7btY,NIO: BOLLA o OCCASIONE?? | Analisi Trimestrale Nio,"Nov 21, 2020",0
2020-04-26,tnC2bTe7btY,NIO: BOLLA o OCCASIONE?? | Analisi Trimestrale Nio,"Nov 21, 2020",0
2020-04-27,tnC2bTe7btY,NIO: BOLLA o OCCASIONE?? | Analisi Trimestrale Nio,"Nov 21, 2020",0
2020-04-28,tnC2bTe7btY,NIO: BOLLA o OCCASIONE?? | Analisi Trimestrale Nio,"Nov 21, 2020",0
2020-04-29,tnC2bTe7btY,NIO: BOLLA o OCCASIONE?? | Analisi Trimestrale Nio,"Nov 21, 2020",0
2020-04-30,tnC2bTe7btY,NIO: BOLLA o OCCASIONE?? | Analisi Trimestrale Nio,"Nov 21, 2020",0
2020-05-01,tnC2bTe7btY,NIO: BOLLA o OCCASIONE?? | Analisi Trimestrale Nio,"Nov 21, 2020",0
2020-05-02,tnC2bTe7btY,NIO: BOLLA o OCCASIONE?? | Analisi Trimestrale Nio,"Nov 21, 2020",0
2020-05-03,tnC2bTe7btY,NIO: BOLLA o OCCASIONE?? | Analisi Trimestrale Nio,"Nov 21, 2020",0
2020-05-04,tnC2bTe7btY,NIO: BOLLA o OCCASIONE?? | Analisi Trimestrale Nio,"Nov 21, 2020",0
2020-05-05,tnC2bTe7btY,NIO: BOLLA o OCCASIONE?? | Analisi Trimestrale Nio,"Nov 21, 2020",0
2020-05-06,tnC2bTe7btY,NIO: BOLLA o OCCASIONE?? | Analisi Trimestrale Nio,"Nov 21, 2020",0
2020-05-07,tnC2bTe7btY,NIO: BOLLA o OCCASIONE?? | Analisi Trimestrale Nio,"Nov 21, 2020",0
2020-05-08,tnC2bTe7btY,NIO: BOLLA o OCCASIONE?? | Analisi Trimestrale Nio,"Nov 21, 2020",0
2020-05-09,tnC2bTe7btY,NIO: BOLLA o OCCASIONE?? | Analisi Trimestrale Nio,"Nov 21, 2020",0
2020-05-10,tnC2bTe7btY,NIO: BOLLA o OCCASIONE?? | Analisi Trimestrale Nio,"Nov 21, 2020",0
2020-05-11,tnC2bTe7btY,NIO: BOLLA o OCCASIONE?? | Analisi Trimestrale Nio,"Nov 21, 2020",0
2020-05-12,tnC2bTe7btY,NIO: BOLLA o OCCASIONE?? | Analisi Trimestrale Nio,"Nov 21, 2020",0
2020-05-13,tnC2bTe7btY,NIO: BOLLA o OCCASIONE?? | Analisi Trimestrale Nio,"Nov 21, 2020",0
2020-05-14,tnC2bTe7btY,NIO: BOLLA o OCCASIONE?? | Analisi Trimestrale Nio,"Nov 21, 2020",0
2020-05-15,tnC2bTe7btY,NIO: BOLLA o OCCASIONE?? | Analisi Trimestrale Nio,"Nov 21, 2020",0
2020-05-16,tnC2bTe7btY,NIO: BOLLA o OCCASIONE?? | Analisi Trimestrale Nio,"Nov 21, 2020",0
2020-05-17,tnC2bTe7btY,NIO: BOLLA o OCCASIONE?? | Analisi Trimestrale Nio,"Nov 21, 2020",0
2020-05-18,tnC2bTe7btY,NIO: BOLLA o OCCASIONE?? | Analisi Trimestrale Nio,"Nov 21, 2020",0
2020-05-19,tnC2bTe7btY,NIO: BOLLA o OCCASIONE?? | Analisi Trimestrale Nio,"Nov 21, 2020",0
2020-05-20,tnC2bTe7btY,NIO: BOLLA o OCCASIONE?? | Analisi Trimestrale Nio,"Nov 21, 2020",0
2020-05-21,tnC2bTe7btY,NIO: BOLLA o OCCASIONE?? | Analisi Trimestrale Nio,"Nov 21, 2020",0
2020-05-22,tnC2bTe7btY,NIO: BOLLA o OCCASIONE?? | Analisi Trimestrale Nio,"Nov 21, 2020",0
2020-05-23,tnC2bTe7btY,NIO: BOLLA o OCCASIONE?? | Analisi Trimestrale Nio,"Nov 21, 2020",0
2020-05-24,tnC2bTe7btY,NIO: BOLLA o OCCASIONE?? | Analisi Trimestrale Nio,"Nov 21, 2020",0
2020-05-25,tnC2bTe7btY,NIO: BOLLA o OCCASIONE?? | Analisi Trimestrale Nio,"Nov 21, 2020",0
2020-05-26,tnC2bTe7btY,NIO: BOLLA o OCCASIONE?? | Analisi Trimestrale Nio,"Nov 21, 2020",0
2020-05-27,tnC2bTe7btY,NIO: BOLLA o OCCASIONE?? | Analisi Trimestrale Nio,"Nov 21, 2020",0
2020-05-28,tnC2bTe7btY,NIO: BOLLA o OCCASIONE?? | Analisi Trimestrale Nio,"Nov 21, 2020",0
2020-05-29,tnC2bTe7btY,NIO: BOLLA o OCCASIONE?? | Analisi Trimestrale Nio,"Nov 21, 2020",0
2020-05-30,tnC2bTe7btY,NIO: BOLLA o OCCASIONE?? | Analisi Trimestrale Nio,"Nov 21, 2020",0
2020-05-31,tnC2bTe7btY,NIO: BOLLA o OCCASIONE?? | Analisi Trimestrale Nio,"Nov 21, 2020",0
2020-06-01,tnC2bTe7btY,NIO: BOLLA o OCCASIONE?? | Analisi Trimestrale Nio,"Nov 21, 2020",0
2020-06-02,tnC2bTe7btY,NIO: BOLLA o OCCASIONE?? | Analisi Trimestrale Nio,"Nov 21, 2020",0
2020-06-03,tnC2bTe7btY,NIO: BOLLA o OCCASIONE?? | Analisi Trimestrale Nio,"Nov 21, 2020",0
2020-06-04,tnC2bTe7btY,NIO: BOLLA o OCCASIONE?? | Analisi Trimestrale Nio,"Nov 21, 2020",0
2020-06-05,tnC2bTe7btY,NIO: BOLLA o OCCASIONE?? | Analisi Trimestrale Nio,"Nov 21, 2020",0
2020-06-06,tnC2bTe7btY,NIO: BOLLA o OCCASIONE?? | Analisi Trimestrale Nio,"Nov 21, 2020",0
2020-06-07,tnC2bTe7btY,NIO: BOLLA o OCCASIONE?? | Analisi Trimestrale Nio,"Nov 21, 2020",0
2020-06-08,tnC2bTe7btY,NIO: BOLLA o OCCASIONE?? | Analisi Trimestrale Nio,"Nov 21, 2020",0
2020-06-09,tnC2bTe7btY,NIO: BOLLA o OCCASIONE?? | Analisi Trimestrale Nio,"Nov 21, 2020",0
2020-06-10,tnC2bTe7btY,NIO: BOLLA o OCCASIONE?? | Analisi Trimestrale Nio,"Nov 21, 2020",0
2020-06-11,tnC2bTe7btY,NIO: BOLLA o OCCASIONE?? | Analisi Trimestrale Nio,"Nov 21, 2020",0
2020-06-12,tnC2bTe7btY,NIO: BOLLA o OCCASIONE?? | Analisi Trimestrale Nio,"Nov 21, 2020",0
2020-06-13,tnC2bTe7btY,NIO: BOLLA o OCCASIONE?? | Analisi Trimestrale Nio,"Nov 21, 2020",0
2020-06-14,tnC2bTe7btY,NIO: BOLLA o OCCASIONE?? | Analisi Trimestrale Nio,"Nov 21, 2020",0
2020-06-15,tnC2bTe7btY,NIO: BOLLA o OCCASIONE?? | Analisi Trimestrale Nio,"Nov 21, 2020",0
2020-06-16,tnC2bTe7btY,NIO: BOLLA o OCCASIONE?? | Analisi Trimestrale Nio,"Nov 21, 2020",0
2020-06-17,tnC2bTe7btY,NIO: BOLLA o OCCASIONE?? | Analisi Trimestrale Nio,"Nov 21, 2020",0
2020-06-18,tnC2bTe7btY,NIO: BOLLA o OCCASIONE?? | Analisi Trimestrale Nio,"Nov 21, 2020",0
2020-06-19,tnC2bTe7btY,NIO: BOLLA o OCCASIONE?? | Analisi Trimestrale Nio,"Nov 21, 2020",0
2020-06-20,tnC2bTe7btY,NIO: BOLLA o OCCASIONE?? | Analisi Trimestrale Nio,"Nov 21, 2020",0
2020-06-21,tnC2bTe7btY,NIO: BOLLA o OCCASIONE?? | Analisi Trimestrale Nio,"Nov 21, 2020",0
2020-06-22,tnC2bTe7btY,NIO: BOLLA o OCCASIONE?? | Analisi Trimestrale Nio,"Nov 21, 2020",0
2020-06-23,tnC2bTe7btY,NIO: BOLLA o OCCASIONE?? | Analisi Trimestrale Nio,"Nov 21, 2020",0
2020-06-24,tnC2bTe7btY,NIO: BOLLA o OCCASIONE?? | Analisi Trimestrale Nio,"Nov 21, 2020",0
2020-06-25,tnC2bTe7btY,NIO: BOLLA o OCCASIONE?? | Analisi Trimestrale Nio,"Nov 21, 2020",0
2020-06-26,tnC2bTe7btY,NIO: BOLLA o OCCASIONE?? | Analisi Trimestrale Nio,"Nov 21, 2020",0
2020-06-27,tnC2bTe7btY,NIO: BOLLA o OCCASIONE?? | Analisi Trimestrale Nio,"Nov 21, 2020",0
2020-06-28,tnC2bTe7btY,NIO: BOLLA o OCCASIONE?? | Analisi Trimestrale Nio,"Nov 21, 2020",0
2020-06-29,tnC2bTe7btY,NIO: BOLLA o OCCASIONE?? | Analisi Trimestrale Nio,"Nov 21, 2020",0
2020-06-30,tnC2bTe7btY,NIO: BOLLA o OCCASIONE?? | Analisi Trimestrale Nio,"Nov 21, 2020",0
2020-07-01,tnC2bTe7btY,NIO: BOLLA o OCCASIONE?? | Analisi Trimestrale Nio,"Nov 21, 2020",0
2020-07-02,tnC2bTe7btY,NIO: BOLLA o OCCASIONE?? | Analisi Trimestrale Nio,"Nov 21, 2020",0
2020-07-03,tnC2bTe7btY,NIO: BOLLA o OCCASIONE?? | Analisi Trimestrale Nio,"Nov 21, 2020",0
2020-07-04,tnC2bTe7btY,NIO: BOLLA o OCCASIONE?? | Analisi Trimestrale Nio,"Nov 21, 2020",0
2020-07-05,tnC2bTe7btY,NIO: BOLLA o OCCASIONE?? | Analisi Trimestrale Nio,"Nov 21, 2020",0
2020-07-06,tnC2bTe7btY,NIO: BOLLA o OCCASIONE?? | Analisi Trimestrale Nio,"Nov 21, 2020",0
2020-07-07,tnC2bTe7btY,NIO: BOLLA o OCCASIONE?? | Analisi Trimestrale Nio,"Nov 21, 2020",0
2020-07-08,tnC2bTe7btY,NIO: BOLLA o OCCASIONE?? | Analisi Trimestrale Nio,"Nov 21, 2020",0
2020-07-09,tnC2bTe7btY,NIO: BOLLA o OCCASIONE?? | Analisi Trimestrale Nio,"Nov 21, 2020",0
2020-07-10,tnC2bTe7btY,NIO: BOLLA o OCCASIONE?? | Analisi Trimestrale Nio,"Nov 21, 2020",0
2020-07-11,tnC2bTe7btY,NIO: BOLLA o OCCASIONE?? | Analisi Trimestrale Nio,"Nov 21, 2020",0
2020-07-12,tnC2bTe7btY,NIO: BOLLA o OCCASIONE?? | Analisi Trimestrale Nio,"Nov 21, 2020",0
2020-07-13,tnC2bTe7btY,NIO: BOLLA o OCCASIONE?? | Analisi Trimestrale Nio,"Nov 21, 2020",0
2020-07-14,tnC2bTe7btY,NIO: BOLLA o OCCASIONE?? | Analisi Trimestrale Nio,"Nov 21, 2020",0
2020-07-15,tnC2bTe7btY,NIO: BOLLA o OCCASIONE?? | Analisi Trimestrale Nio,"Nov 21, 2020",0
2020-07-16,tnC2bTe7btY,NIO: BOLLA o OCCASIONE?? | Analisi Trimestrale Nio,"Nov 21, 2020",0
2020-07-17,tnC2bTe7btY,NIO: BOLLA o OCCASIONE?? | Analisi Trimestrale Nio,"Nov 21, 2020",0
2020-07-18,tnC2bTe7btY,NIO: BOLLA o OCCASIONE?? | Analisi Trimestrale Nio,"Nov 21, 2020",0
2020-07-19,tnC2bTe7btY,NIO: BOLLA o OCCASIONE?? | Analisi Trimestrale Nio,"Nov 21, 2020",0
2020-07-20,tnC2bTe7btY,NIO: BOLLA o OCCASIONE?? | Analisi Trimestrale Nio,"Nov 21, 2020",0
2020-07-21,tnC2bTe7btY,NIO: BOLLA o OCCASIONE?? | Analisi Trimestrale Nio,"Nov 21, 2020",0
2020-07-22,tnC2bTe7btY,NIO: BOLLA o OCCASIONE?? | Analisi Trimestrale Nio,"Nov 21, 2020",0
2020-07-23,tnC2bTe7btY,NIO: BOLLA o OCCASIONE?? | Analisi Trimestrale Nio,"Nov 21, 2020",0
2020-07-24,tnC2bTe7btY,NIO: BOLLA o OCCASIONE?? | Analisi Trimestrale Nio,"Nov 21, 2020",0
2020-07-25,tnC2bTe7btY,NIO: BOLLA o OCCASIONE?? | Analisi Trimestrale Nio,"Nov 21, 2020",0
2020-07-26,tnC2bTe7btY,NIO: BOLLA o OCCASIONE?? | Analisi Trimestrale Nio,"Nov 21, 2020",0
2020-07-27,tnC2bTe7btY,NIO: BOLLA o OCCASIONE?? | Analisi Trimestrale Nio,"Nov 21, 2020",0
2020-07-28,tnC2bTe7btY,NIO: BOLLA o OCCASIONE?? | Analisi Trimestrale Nio,"Nov 21, 2020",0
2020-07-29,tnC2bTe7btY,NIO: BOLLA o OCCASIONE?? | Analisi Trimestrale Nio,"Nov 21, 2020",0
2020-07-30,tnC2bTe7btY,NIO: BOLLA o OCCASIONE?? | Analisi Trimestrale Nio,"Nov 21, 2020",0
2020-07-31,tnC2bTe7btY,NIO: BOLLA o OCCASIONE?? | Analisi Trimestrale Nio,"Nov 21, 2020",0
2020-08-01,tnC2bTe7btY,NIO: BOLLA o OCCASIONE?? | Analisi Trimestrale Nio,"Nov 21, 2020",0
2020-08-02,tnC2bTe7btY,NIO: BOLLA o OCCASIONE?? | Analisi Trimestrale Nio,"Nov 21, 2020",0
2020-08-03,tnC2bTe7btY,NIO: BOLLA o OCCASIONE?? | Analisi Trimestrale Nio,"Nov 21, 2020",0
2020-08-04,tnC2bTe7btY,NIO: BOLLA o OCCASIONE?? | Analisi Trimestrale Nio,"Nov 21, 2020",0
2020-08-05,tnC2bTe7btY,NIO: BOLLA o OCCASIONE?? | Analisi Trimestrale Nio,"Nov 21, 2020",0
2020-08-06,tnC2bTe7btY,NIO: BOLLA o OCCASIONE?? | Analisi Trimestrale Nio,"Nov 21, 2020",0
2020-08-07,tnC2bTe7btY,NIO: BOLLA o OCCASIONE?? | Analisi Trimestrale Nio,"Nov 21, 2020",0
2020-08-08,tnC2bTe7btY,NIO: BOLLA o OCCASIONE?? | Analisi Trimestrale Nio,"Nov 21, 2020",0
2020-08-09,tnC2bTe7btY,NIO: BOLLA o OCCASIONE?? | Analisi Trimestrale Nio,"Nov 21, 2020",0
2020-08-10,tnC2bTe7btY,NIO: BOLLA o OCCASIONE?? | Analisi Trimestrale Nio,"Nov 21, 2020",0
2020-08-11,tnC2bTe7btY,NIO: BOLLA o OCCASIONE?? | Analisi Trimestrale Nio,"Nov 21, 2020",0
2020-08-12,tnC2bTe7btY,NIO: BOLLA o OCCASIONE?? | Analisi Trimestrale Nio,"Nov 21, 2020",0
2020-08-13,tnC2bTe7btY,NIO: BOLLA o OCCASIONE?? | Analisi Trimestrale Nio,"Nov 21, 2020",0
2020-08-14,tnC2bTe7btY,NIO: BOLLA o OCCASIONE?? | Analisi Trimestrale Nio,"Nov 21, 2020",0
2020-08-15,tnC2bTe7btY,NIO: BOLLA o OCCASIONE?? | Analisi Trimestrale Nio,"Nov 21, 2020",0
2020-08-16,tnC2bTe7btY,NIO: BOLLA o OCCASIONE?? | Analisi Trimestrale Nio,"Nov 21, 2020",0
2020-08-17,tnC2bTe7btY,NIO: BOLLA o OCCASIONE?? | Analisi Trimestrale Nio,"Nov 21, 2020",0
2020-08-18,tnC2bTe7btY,NIO: BOLLA o OCCASIONE?? | Analisi Trimestrale Nio,"Nov 21, 2020",0
2020-08-19,tnC2bTe7btY,NIO: BOLLA o OCCASIONE?? | Analisi Trimestrale Nio,"Nov 21, 2020",0
2020-08-20,tnC2bTe7btY,NIO: BOLLA o OCCASIONE?? | Analisi Trimestrale Nio,"Nov 21, 2020",0
2020-08-21,tnC2bTe7btY,NIO: BOLLA o OCCASIONE?? | Analisi Trimestrale Nio,"Nov 21, 2020",0
2020-08-22,tnC2bTe7btY,NIO: BOLLA o OCCASIONE?? | Analisi Trimestrale Nio,"Nov 21, 2020",0
2020-08-23,tnC2bTe7btY,NIO: BOLLA o OCCASIONE?? | Analisi Trimestrale Nio,"Nov 21, 2020",0
2020-08-24,tnC2bTe7btY,NIO: BOLLA o OCCASIONE?? | Analisi Trimestrale Nio,"Nov 21, 2020",0
2020-08-25,tnC2bTe7btY,NIO: BOLLA o OCCASIONE?? | Analisi Trimestrale Nio,"Nov 21, 2020",0
2020-08-26,tnC2bTe7btY,NIO: BOLLA o OCCASIONE?? | Analisi Trimestrale Nio,"Nov 21, 2020",0
2020-08-27,tnC2bTe7btY,NIO: BOLLA o OCCASIONE?? | Analisi Trimestrale Nio,"Nov 21, 2020",0
2020-08-28,tnC2bTe7btY,NIO: BOLLA o OCCASIONE?? | Analisi Trimestrale Nio,"Nov 21, 2020",0
2020-08-29,tnC2bTe7btY,NIO: BOLLA o OCCASIONE?? | Analisi Trimestrale Nio,"Nov 21, 2020",0
2020-08-30,tnC2bTe7btY,NIO: BOLLA o OCCASIONE?? | Analisi Trimestrale Nio,"Nov 21, 2020",0
2020-08-31,tnC2bTe7btY,NIO: BOLLA o OCCASIONE?? | Analisi Trimestrale Nio,"Nov 21, 2020",0
2020-09-01,tnC2bTe7btY,NIO: BOLLA o OCCASIONE?? | Analisi Trimestrale Nio,"Nov 21, 2020",0
2020-09-02,tnC2bTe7btY,NIO: BOLLA o OCCASIONE?? | Analisi Trimestrale Nio,"Nov 21, 2020",0
2020-09-03,tnC2bTe7btY,NIO: BOLLA o OCCASIONE?? | Analisi Trimestrale Nio,"Nov 21, 2020",0
2020-09-04,tnC2bTe7btY,NIO: BOLLA o OCCASIONE?? | Analisi Trimestrale Nio,"Nov 21, 2020",0
2020-09-05,tnC2bTe7btY,NIO: BOLLA o OCCASIONE?? | Analisi Trimestrale Nio,"Nov 21, 2020",0
2020-09-06,tnC2bTe7btY,NIO: BOLLA o OCCASIONE?? | Analisi Trimestrale Nio,"Nov 21, 2020",0
2020-09-07,tnC2bTe7btY,NIO: BOLLA o OCCASIONE?? | Analisi Trimestrale Nio,"Nov 21, 2020",0
2020-09-08,tnC2bTe7btY,NIO: BOLLA o OCCASIONE?? | Analisi Trimestrale Nio,"Nov 21, 2020",0
2020-09-09,tnC2bTe7btY,NIO: BOLLA o OCCASIONE?? | Analisi Trimestrale Nio,"Nov 21, 2020",0
2020-09-10,tnC2bTe7btY,NIO: BOLLA o OCCASIONE?? | Analisi Trimestrale Nio,"Nov 21, 2020",0
2020-09-11,tnC2bTe7btY,NIO: BOLLA o OCCASIONE?? | Analisi Trimestrale Nio,"Nov 21, 2020",0
2020-09-12,tnC2bTe7btY,NIO: BOLLA o OCCASIONE?? | Analisi Trimestrale Nio,"Nov 21, 2020",0
2020-09-13,tnC2bTe7btY,NIO: BOLLA o OCCASIONE?? | Analisi Trimestrale Nio,"Nov 21, 2020",0
2020-09-14,tnC2bTe7btY,NIO: BOLLA o OCCASIONE?? | Analisi Trimestrale Nio,"Nov 21, 2020",0
2020-09-15,tnC2bTe7btY,NIO: BOLLA o OCCASIONE?? | Analisi Trimestrale Nio,"Nov 21, 2020",0
2020-09-16,tnC2bTe7btY,NIO: BOLLA o OCCASIONE?? | Analisi Trimestrale Nio,"Nov 21, 2020",0
2020-09-17,tnC2bTe7btY,NIO: BOLLA o OCCASIONE?? | Analisi Trimestrale Nio,"Nov 21, 2020",0
2020-09-18,tnC2bTe7btY,NIO: BOLLA o OCCASIONE?? | Analisi Trimestrale Nio,"Nov 21, 2020",0
2020-09-19,tnC2bTe7btY,NIO: BOLLA o OCCASIONE?? | Analisi Trimestrale Nio,"Nov 21, 2020",0
2020-09-20,tnC2bTe7btY,NIO: BOLLA o OCCASIONE?? | Analisi Trimestrale Nio,"Nov 21, 2020",0
2020-09-21,tnC2bTe7btY,NIO: BOLLA o OCCASIONE?? | Analisi Trimestrale Nio,"Nov 21, 2020",0
2020-09-22,tnC2bTe7btY,NIO: BOLLA o OCCASIONE?? | Analisi Trimestrale Nio,"Nov 21, 2020",0
2020-09-23,tnC2bTe7btY,NIO: BOLLA o OCCASIONE?? | Analisi Trimestrale Nio,"Nov 21, 2020",0
2020-09-24,tnC2bTe7btY,NIO: BOLLA o OCCASIONE?? | Analisi Trimestrale Nio,"Nov 21, 2020",0
2020-09-25,tnC2bTe7btY,NIO: BOLLA o OCCASIONE?? | Analisi Trimestrale Nio,"Nov 21, 2020",0
2020-09-26,tnC2bTe7btY,NIO: BOLLA o OCCASIONE?? | Analisi Trimestrale Nio,"Nov 21, 2020",0
2020-09-27,tnC2bTe7btY,NIO: BOLLA o OCCASIONE?? | Analisi Trimestrale Nio,"Nov 21, 2020",0
2020-09-28,tnC2bTe7btY,NIO: BOLLA o OCCASIONE?? | Analisi Trimestrale Nio,"Nov 21, 2020",0
2020-09-29,tnC2bTe7btY,NIO: BOLLA o OCCASIONE?? | Analisi Trimestrale Nio,"Nov 21, 2020",0
2020-09-30,tnC2bTe7btY,NIO: BOLLA o OCCASIONE?? | Analisi Trimestrale Nio,"Nov 21, 2020",0
2020-10-01,tnC2bTe7btY,NIO: BOLLA o OCCASIONE?? | Analisi Trimestrale Nio,"Nov 21, 2020",0
2020-10-02,tnC2bTe7btY,NIO: BOLLA o OCCASIONE?? | Analisi Trimestrale Nio,"Nov 21, 2020",0
2020-10-03,tnC2bTe7btY,NIO: BOLLA o OCCASIONE?? | Analisi Trimestrale Nio,"Nov 21, 2020",0
2020-10-04,tnC2bTe7btY,NIO: BOLLA o OCCASIONE?? | Analisi Trimestrale Nio,"Nov 21, 2020",0
2020-10-05,tnC2bTe7btY,NIO: BOLLA o OCCASIONE?? | Analisi Trimestrale Nio,"Nov 21, 2020",0
2020-10-06,tnC2bTe7btY,NIO: BOLLA o OCCASIONE?? | Analisi Trimestrale Nio,"Nov 21, 2020",0
2020-10-07,tnC2bTe7btY,NIO: BOLLA o OCCASIONE?? | Analisi Trimestrale Nio,"Nov 21, 2020",0
2020-10-08,tnC2bTe7btY,NIO: BOLLA o OCCASIONE?? | Analisi Trimestrale Nio,"Nov 21, 2020",0
2020-10-09,tnC2bTe7btY,NIO: BOLLA o OCCASIONE?? | Analisi Trimestrale Nio,"Nov 21, 2020",0
2020-10-10,tnC2bTe7btY,NIO: BOLLA o OCCASIONE?? | Analisi Trimestrale Nio,"Nov 21, 2020",0
2020-10-11,tnC2bTe7btY,NIO: BOLLA o OCCASIONE?? | Analisi Trimestrale Nio,"Nov 21, 2020",0
2020-10-12,tnC2bTe7btY,NIO: BOLLA o OCCASIONE?? | Analisi Trimestrale Nio,"Nov 21, 2020",0
2020-10-13,tnC2bTe7btY,NIO: BOLLA o OCCASIONE?? | Analisi Trimestrale Nio,"Nov 21, 2020",0
2020-10-14,tnC2bTe7btY,NIO: BOLLA o OCCASIONE?? | Analisi Trimestrale Nio,"Nov 21, 2020",0
2020-10-15,tnC2bTe7btY,NIO: BOLLA o OCCASIONE?? | Analisi Trimestrale Nio,"Nov 21, 2020",0
2020-10-16,tnC2bTe7btY,NIO: BOLLA o OCCASIONE?? | Analisi Trimestrale Nio,"Nov 21, 2020",0
2020-10-17,tnC2bTe7btY,NIO: BOLLA o OCCASIONE?? | Analisi Trimestrale Nio,"Nov 21, 2020",0
2020-10-18,tnC2bTe7btY,NIO: BOLLA o OCCASIONE?? | Analisi Trimestrale Nio,"Nov 21, 2020",0
2020-10-19,tnC2bTe7btY,NIO: BOLLA o OCCASIONE?? | Analisi Trimestrale Nio,"Nov 21, 2020",0
2020-10-20,tnC2bTe7btY,NIO: BOLLA o OCCASIONE?? | Analisi Trimestrale Nio,"Nov 21, 2020",0
2020-10-21,tnC2bTe7btY,NIO: BOLLA o OCCASIONE?? | Analisi Trimestrale Nio,"Nov 21, 2020",0
2020-10-22,tnC2bTe7btY,NIO: BOLLA o OCCASIONE?? | Analisi Trimestrale Nio,"Nov 21, 2020",0
2020-10-23,tnC2bTe7btY,NIO: BOLLA o OCCASIONE?? | Analisi Trimestrale Nio,"Nov 21, 2020",0
2020-10-24,tnC2bTe7btY,NIO: BOLLA o OCCASIONE?? | Analisi Trimestrale Nio,"Nov 21, 2020",0
2020-10-25,tnC2bTe7btY,NIO: BOLLA o OCCASIONE?? | Analisi Trimestrale Nio,"Nov 21, 2020",0
2020-10-26,tnC2bTe7btY,NIO: BOLLA o OCCASIONE?? | Analisi Trimestrale Nio,"Nov 21, 2020",0
2020-10-27,tnC2bTe7btY,NIO: BOLLA o OCCASIONE?? | Analisi Trimestrale Nio,"Nov 21, 2020",0
2020-10-28,tnC2bTe7btY,NIO: BOLLA o OCCASIONE?? | Analisi Trimestrale Nio,"Nov 21, 2020",0
2020-10-29,tnC2bTe7btY,NIO: BOLLA o OCCASIONE?? | Analisi Trimestrale Nio,"Nov 21, 2020",0
2020-10-30,tnC2bTe7btY,NIO: BOLLA o OCCASIONE?? | Analisi Trimestrale Nio,"Nov 21, 2020",0
2020-10-31,tnC2bTe7btY,NIO: BOLLA o OCCASIONE?? | Analisi Trimestrale Nio,"Nov 21, 2020",0
2020-11-01,tnC2bTe7btY,NIO: BOLLA o OCCASIONE?? | Analisi Trimestrale Nio,"Nov 21, 2020",0
2020-11-02,tnC2bTe7btY,NIO: BOLLA o OCCASIONE?? | Analisi Trimestrale Nio,"Nov 21, 2020",0
2020-11-03,tnC2bTe7btY,NIO: BOLLA o OCCASIONE?? | Analisi Trimestrale Nio,"Nov 21, 2020",0
2020-11-04,tnC2bTe7btY,NIO: BOLLA o OCCASIONE?? | Analisi Trimestrale Nio,"Nov 21, 2020",0
2020-11-05,tnC2bTe7btY,NIO: BOLLA o OCCASIONE?? | Analisi Trimestrale Nio,"Nov 21, 2020",0
2020-11-06,tnC2bTe7btY,NIO: BOLLA o OCCASIONE?? | Analisi Trimestrale Nio,"Nov 21, 2020",0
2020-11-07,tnC2bTe7btY,NIO: BOLLA o OCCASIONE?? | Analisi Trimestrale Nio,"Nov 21, 2020",0
2020-11-08,tnC2bTe7btY,NIO: BOLLA o OCCASIONE?? | Analisi Trimestrale Nio,"Nov 21, 2020",0
2020-11-09,tnC2bTe7btY,NIO: BOLLA o OCCASIONE?? | Analisi Trimestrale Nio,"Nov 21, 2020",0
2020-11-10,tnC2bTe7btY,NIO: BOLLA o OCCASIONE?? | Analisi Trimestrale Nio,"Nov 21, 2020",0
2020-11-11,tnC2bTe7btY,NIO: BOLLA o OCCASIONE?? | Analisi Trimestrale Nio,"Nov 21, 2020",0
2020-11-12,tnC2bTe7btY,NIO: BOLLA o OCCASIONE?? | Analisi Trimestrale Nio,"Nov 21, 2020",0
2020-11-13,tnC2bTe7btY,NIO: BOLLA o OCCASIONE?? | Analisi Trimestrale Nio,"Nov 21, 2020",0
2020-11-14,tnC2bTe7btY,NIO: BOLLA o OCCASIONE?? | Analisi Trimestrale Nio,"Nov 21, 2020",0
2020-11-15,tnC2bTe7btY,NIO: BOLLA o OCCASIONE?? | Analisi Trimestrale Nio,"Nov 21, 2020",0
2020-11-16,tnC2bTe7btY,NIO: BOLLA o OCCASIONE?? | Analisi Trimestrale Nio,"Nov 21, 2020",0
2020-11-17,tnC2bTe7btY,NIO: BOLLA o OCCASIONE?? | Analisi Trimestrale Nio,"Nov 21, 2020",0
2020-11-18,tnC2bTe7btY,NIO: BOLLA o OCCASIONE?? | Analisi Trimestrale Nio,"Nov 21, 2020",0
2020-11-19,tnC2bTe7btY,NIO: BOLLA o OCCASIONE?? | Analisi Trimestrale Nio,"Nov 21, 2020",0
2020-11-20,tnC2bTe7btY,NIO: BOLLA o OCCASIONE?? | Analisi Trimestrale Nio,"Nov 21, 2020",0
2020-11-21,tnC2bTe7btY,NIO: BOLLA o OCCASIONE?? | Analisi Trimestrale Nio,"Nov 21, 2020",1
2020-11-22,tnC2bTe7btY,NIO: BOLLA o OCCASIONE?? | Analisi Trimestrale Nio,"Nov 21, 2020",2
2020-11-23,tnC2bTe7btY,NIO: BOLLA o OCCASIONE?? | Analisi Trimestrale Nio,"Nov 21, 2020",0
2020-11-24,tnC2bTe7btY,NIO: BOLLA o OCCASIONE?? | Analisi Trimestrale Nio,"Nov 21, 2020",0
2020-11-25,tnC2bTe7btY,NIO: BOLLA o OCCASIONE?? | Analisi Trimestrale Nio,"Nov 21, 2020",0
2020-11-26,tnC2bTe7btY,NIO: BOLLA o OCCASIONE?? | Analisi Trimestrale Nio,"Nov 21, 2020",0
2020-11-27,tnC2bTe7btY,NIO: BOLLA o OCCASIONE?? | Analisi Trimestrale Nio,"Nov 21, 2020",0
2020-11-28,tnC2bTe7btY,NIO: BOLLA o OCCASIONE?? | Analisi Trimestrale Nio,"Nov 21, 2020",0
2020-11-29,tnC2bTe7btY,NIO: BOLLA o OCCASIONE?? | Analisi Trimestrale Nio,"Nov 21, 2020",0
2020-11-30,tnC2bTe7btY,NIO: BOLLA o OCCASIONE?? | Analisi Trimestrale Nio,"Nov 21, 2020",0
2020-12-01,tnC2bTe7btY,NIO: BOLLA o OCCASIONE?? | Analisi Trimestrale Nio,"Nov 21, 2020",0
2020-12-02,tnC2bTe7btY,NIO: BOLLA o OCCASIONE?? | Analisi Trimestrale Nio,"Nov 21, 2020",0
2020-12-03,tnC2bTe7btY,NIO: BOLLA o OCCASIONE?? | Analisi Trimestrale Nio,"Nov 21, 2020",0
2020-12-04,tnC2bTe7btY,NIO: BOLLA o OCCASIONE?? | Analisi Trimestrale Nio,"Nov 21, 2020",0
2020-12-05,tnC2bTe7btY,NIO: BOLLA o OCCASIONE?? | Analisi Trimestrale Nio,"Nov 21, 2020",1
2020-12-06,tnC2bTe7btY,NIO: BOLLA o OCCASIONE?? | Analisi Trimestrale Nio,"Nov 21, 2020",0
2020-12-07,tnC2bTe7btY,NIO: BOLLA o OCCASIONE?? | Analisi Trimestrale Nio,"Nov 21, 2020",0
2020-12-08,tnC2bTe7btY,NIO: BOLLA o OCCASIONE?? | Analisi Trimestrale Nio,"Nov 21, 2020",0
2020-12-09,tnC2bTe7btY,NIO: BOLLA o OCCASIONE?? | Analisi Trimestrale Nio,"Nov 21, 2020",0
2020-12-10,tnC2bTe7btY,NIO: BOLLA o OCCASIONE?? | Analisi Trimestrale Nio,"Nov 21, 2020",0
2020-12-11,tnC2bTe7btY,NIO: BOLLA o OCCASIONE?? | Analisi Trimestrale Nio,"Nov 21, 2020",0
2020-04-01,u3-Q3FmRDbs,Il Mio PORTAFOGLIO da 26000€! Ecco Come lo Gestisco,"Sep 13, 2020",0
2020-04-02,u3-Q3FmRDbs,Il Mio PORTAFOGLIO da 26000€! Ecco Come lo Gestisco,"Sep 13, 2020",0
2020-04-03,u3-Q3FmRDbs,Il Mio PORTAFOGLIO da 26000€! Ecco Come lo Gestisco,"Sep 13, 2020",0
2020-04-04,u3-Q3FmRDbs,Il Mio PORTAFOGLIO da 26000€! Ecco Come lo Gestisco,"Sep 13, 2020",0
2020-04-05,u3-Q3FmRDbs,Il Mio PORTAFOGLIO da 26000€! Ecco Come lo Gestisco,"Sep 13, 2020",0
2020-04-06,u3-Q3FmRDbs,Il Mio PORTAFOGLIO da 26000€! Ecco Come lo Gestisco,"Sep 13, 2020",0
2020-04-07,u3-Q3FmRDbs,Il Mio PORTAFOGLIO da 26000€! Ecco Come lo Gestisco,"Sep 13, 2020",0
2020-04-08,u3-Q3FmRDbs,Il Mio PORTAFOGLIO da 26000€! Ecco Come lo Gestisco,"Sep 13, 2020",0
2020-04-09,u3-Q3FmRDbs,Il Mio PORTAFOGLIO da 26000€! Ecco Come lo Gestisco,"Sep 13, 2020",0
2020-04-10,u3-Q3FmRDbs,Il Mio PORTAFOGLIO da 26000€! Ecco Come lo Gestisco,"Sep 13, 2020",0
2020-04-11,u3-Q3FmRDbs,Il Mio PORTAFOGLIO da 26000€! Ecco Come lo Gestisco,"Sep 13, 2020",0
2020-04-12,u3-Q3FmRDbs,Il Mio PORTAFOGLIO da 26000€! Ecco Come lo Gestisco,"Sep 13, 2020",0
2020-04-13,u3-Q3FmRDbs,Il Mio PORTAFOGLIO da 26000€! Ecco Come lo Gestisco,"Sep 13, 2020",0
2020-04-14,u3-Q3FmRDbs,Il Mio PORTAFOGLIO da 26000€! Ecco Come lo Gestisco,"Sep 13, 2020",0
2020-04-15,u3-Q3FmRDbs,Il Mio PORTAFOGLIO da 26000€! Ecco Come lo Gestisco,"Sep 13, 2020",0
2020-04-16,u3-Q3FmRDbs,Il Mio PORTAFOGLIO da 26000€! Ecco Come lo Gestisco,"Sep 13, 2020",0
2020-04-17,u3-Q3FmRDbs,Il Mio PORTAFOGLIO da 26000€! Ecco Come lo Gestisco,"Sep 13, 2020",0
2020-04-18,u3-Q3FmRDbs,Il Mio PORTAFOGLIO da 26000€! Ecco Come lo Gestisco,"Sep 13, 2020",0
2020-04-19,u3-Q3FmRDbs,Il Mio PORTAFOGLIO da 26000€! Ecco Come lo Gestisco,"Sep 13, 2020",0
2020-04-20,u3-Q3FmRDbs,Il Mio PORTAFOGLIO da 26000€! Ecco Come lo Gestisco,"Sep 13, 2020",0
2020-04-21,u3-Q3FmRDbs,Il Mio PORTAFOGLIO da 26000€! Ecco Come lo Gestisco,"Sep 13, 2020",0
2020-04-22,u3-Q3FmRDbs,Il Mio PORTAFOGLIO da 26000€! Ecco Come lo Gestisco,"Sep 13, 2020",0
2020-04-23,u3-Q3FmRDbs,Il Mio PORTAFOGLIO da 26000€! Ecco Come lo Gestisco,"Sep 13, 2020",0
2020-04-24,u3-Q3FmRDbs,Il Mio PORTAFOGLIO da 26000€! Ecco Come lo Gestisco,"Sep 13, 2020",0
2020-04-25,u3-Q3FmRDbs,Il Mio PORTAFOGLIO da 26000€! Ecco Come lo Gestisco,"Sep 13, 2020",0
2020-04-26,u3-Q3FmRDbs,Il Mio PORTAFOGLIO da 26000€! Ecco Come lo Gestisco,"Sep 13, 2020",0
2020-04-27,u3-Q3FmRDbs,Il Mio PORTAFOGLIO da 26000€! Ecco Come lo Gestisco,"Sep 13, 2020",0
2020-04-28,u3-Q3FmRDbs,Il Mio PORTAFOGLIO da 26000€! Ecco Come lo Gestisco,"Sep 13, 2020",0
2020-04-29,u3-Q3FmRDbs,Il Mio PORTAFOGLIO da 26000€! Ecco Come lo Gestisco,"Sep 13, 2020",0
2020-04-30,u3-Q3FmRDbs,Il Mio PORTAFOGLIO da 26000€! Ecco Come lo Gestisco,"Sep 13, 2020",0
2020-05-01,u3-Q3FmRDbs,Il Mio PORTAFOGLIO da 26000€! Ecco Come lo Gestisco,"Sep 13, 2020",0
2020-05-02,u3-Q3FmRDbs,Il Mio PORTAFOGLIO da 26000€! Ecco Come lo Gestisco,"Sep 13, 2020",0
2020-05-03,u3-Q3FmRDbs,Il Mio PORTAFOGLIO da 26000€! Ecco Come lo Gestisco,"Sep 13, 2020",0
2020-05-04,u3-Q3FmRDbs,Il Mio PORTAFOGLIO da 26000€! Ecco Come lo Gestisco,"Sep 13, 2020",0
2020-05-05,u3-Q3FmRDbs,Il Mio PORTAFOGLIO da 26000€! Ecco Come lo Gestisco,"Sep 13, 2020",0
2020-05-06,u3-Q3FmRDbs,Il Mio PORTAFOGLIO da 26000€! Ecco Come lo Gestisco,"Sep 13, 2020",0
2020-05-07,u3-Q3FmRDbs,Il Mio PORTAFOGLIO da 26000€! Ecco Come lo Gestisco,"Sep 13, 2020",0
2020-05-08,u3-Q3FmRDbs,Il Mio PORTAFOGLIO da 26000€! Ecco Come lo Gestisco,"Sep 13, 2020",0
2020-05-09,u3-Q3FmRDbs,Il Mio PORTAFOGLIO da 26000€! Ecco Come lo Gestisco,"Sep 13, 2020",0
2020-05-10,u3-Q3FmRDbs,Il Mio PORTAFOGLIO da 26000€! Ecco Come lo Gestisco,"Sep 13, 2020",0
2020-05-11,u3-Q3FmRDbs,Il Mio PORTAFOGLIO da 26000€! Ecco Come lo Gestisco,"Sep 13, 2020",0
2020-05-12,u3-Q3FmRDbs,Il Mio PORTAFOGLIO da 26000€! Ecco Come lo Gestisco,"Sep 13, 2020",0
2020-05-13,u3-Q3FmRDbs,Il Mio PORTAFOGLIO da 26000€! Ecco Come lo Gestisco,"Sep 13, 2020",0
2020-05-14,u3-Q3FmRDbs,Il Mio PORTAFOGLIO da 26000€! Ecco Come lo Gestisco,"Sep 13, 2020",0
2020-05-15,u3-Q3FmRDbs,Il Mio PORTAFOGLIO da 26000€! Ecco Come lo Gestisco,"Sep 13, 2020",0
2020-05-16,u3-Q3FmRDbs,Il Mio PORTAFOGLIO da 26000€! Ecco Come lo Gestisco,"Sep 13, 2020",0
2020-05-17,u3-Q3FmRDbs,Il Mio PORTAFOGLIO da 26000€! Ecco Come lo Gestisco,"Sep 13, 2020",0
2020-05-18,u3-Q3FmRDbs,Il Mio PORTAFOGLIO da 26000€! Ecco Come lo Gestisco,"Sep 13, 2020",0
2020-05-19,u3-Q3FmRDbs,Il Mio PORTAFOGLIO da 26000€! Ecco Come lo Gestisco,"Sep 13, 2020",0
2020-05-20,u3-Q3FmRDbs,Il Mio PORTAFOGLIO da 26000€! Ecco Come lo Gestisco,"Sep 13, 2020",0
2020-05-21,u3-Q3FmRDbs,Il Mio PORTAFOGLIO da 26000€! Ecco Come lo Gestisco,"Sep 13, 2020",0
2020-05-22,u3-Q3FmRDbs,Il Mio PORTAFOGLIO da 26000€! Ecco Come lo Gestisco,"Sep 13, 2020",0
2020-05-23,u3-Q3FmRDbs,Il Mio PORTAFOGLIO da 26000€! Ecco Come lo Gestisco,"Sep 13, 2020",0
2020-05-24,u3-Q3FmRDbs,Il Mio PORTAFOGLIO da 26000€! Ecco Come lo Gestisco,"Sep 13, 2020",0
2020-05-25,u3-Q3FmRDbs,Il Mio PORTAFOGLIO da 26000€! Ecco Come lo Gestisco,"Sep 13, 2020",0
2020-05-26,u3-Q3FmRDbs,Il Mio PORTAFOGLIO da 26000€! Ecco Come lo Gestisco,"Sep 13, 2020",0
2020-05-27,u3-Q3FmRDbs,Il Mio PORTAFOGLIO da 26000€! Ecco Come lo Gestisco,"Sep 13, 2020",0
2020-05-28,u3-Q3FmRDbs,Il Mio PORTAFOGLIO da 26000€! Ecco Come lo Gestisco,"Sep 13, 2020",0
2020-05-29,u3-Q3FmRDbs,Il Mio PORTAFOGLIO da 26000€! Ecco Come lo Gestisco,"Sep 13, 2020",0
2020-05-30,u3-Q3FmRDbs,Il Mio PORTAFOGLIO da 26000€! Ecco Come lo Gestisco,"Sep 13, 2020",0
2020-05-31,u3-Q3FmRDbs,Il Mio PORTAFOGLIO da 26000€! Ecco Come lo Gestisco,"Sep 13, 2020",0
2020-06-01,u3-Q3FmRDbs,Il Mio PORTAFOGLIO da 26000€! Ecco Come lo Gestisco,"Sep 13, 2020",0
2020-06-02,u3-Q3FmRDbs,Il Mio PORTAFOGLIO da 26000€! Ecco Come lo Gestisco,"Sep 13, 2020",0
2020-06-03,u3-Q3FmRDbs,Il Mio PORTAFOGLIO da 26000€! Ecco Come lo Gestisco,"Sep 13, 2020",0
2020-06-04,u3-Q3FmRDbs,Il Mio PORTAFOGLIO da 26000€! Ecco Come lo Gestisco,"Sep 13, 2020",0
2020-06-05,u3-Q3FmRDbs,Il Mio PORTAFOGLIO da 26000€! Ecco Come lo Gestisco,"Sep 13, 2020",0
2020-06-06,u3-Q3FmRDbs,Il Mio PORTAFOGLIO da 26000€! Ecco Come lo Gestisco,"Sep 13, 2020",0
2020-06-07,u3-Q3FmRDbs,Il Mio PORTAFOGLIO da 26000€! Ecco Come lo Gestisco,"Sep 13, 2020",0
2020-06-08,u3-Q3FmRDbs,Il Mio PORTAFOGLIO da 26000€! Ecco Come lo Gestisco,"Sep 13, 2020",0
2020-06-09,u3-Q3FmRDbs,Il Mio PORTAFOGLIO da 26000€! Ecco Come lo Gestisco,"Sep 13, 2020",0
2020-06-10,u3-Q3FmRDbs,Il Mio PORTAFOGLIO da 26000€! Ecco Come lo Gestisco,"Sep 13, 2020",0
2020-06-11,u3-Q3FmRDbs,Il Mio PORTAFOGLIO da 26000€! Ecco Come lo Gestisco,"Sep 13, 2020",0
2020-06-12,u3-Q3FmRDbs,Il Mio PORTAFOGLIO da 26000€! Ecco Come lo Gestisco,"Sep 13, 2020",0
2020-06-13,u3-Q3FmRDbs,Il Mio PORTAFOGLIO da 26000€! Ecco Come lo Gestisco,"Sep 13, 2020",0
2020-06-14,u3-Q3FmRDbs,Il Mio PORTAFOGLIO da 26000€! Ecco Come lo Gestisco,"Sep 13, 2020",0
2020-06-15,u3-Q3FmRDbs,Il Mio PORTAFOGLIO da 26000€! Ecco Come lo Gestisco,"Sep 13, 2020",0
2020-06-16,u3-Q3FmRDbs,Il Mio PORTAFOGLIO da 26000€! Ecco Come lo Gestisco,"Sep 13, 2020",0
2020-06-17,u3-Q3FmRDbs,Il Mio PORTAFOGLIO da 26000€! Ecco Come lo Gestisco,"Sep 13, 2020",0
2020-06-18,u3-Q3FmRDbs,Il Mio PORTAFOGLIO da 26000€! Ecco Come lo Gestisco,"Sep 13, 2020",0
2020-06-19,u3-Q3FmRDbs,Il Mio PORTAFOGLIO da 26000€! Ecco Come lo Gestisco,"Sep 13, 2020",0
2020-06-20,u3-Q3FmRDbs,Il Mio PORTAFOGLIO da 26000€! Ecco Come lo Gestisco,"Sep 13, 2020",0
2020-06-21,u3-Q3FmRDbs,Il Mio PORTAFOGLIO da 26000€! Ecco Come lo Gestisco,"Sep 13, 2020",0
2020-06-22,u3-Q3FmRDbs,Il Mio PORTAFOGLIO da 26000€! Ecco Come lo Gestisco,"Sep 13, 2020",0
2020-06-23,u3-Q3FmRDbs,Il Mio PORTAFOGLIO da 26000€! Ecco Come lo Gestisco,"Sep 13, 2020",0
2020-06-24,u3-Q3FmRDbs,Il Mio PORTAFOGLIO da 26000€! Ecco Come lo Gestisco,"Sep 13, 2020",0
2020-06-25,u3-Q3FmRDbs,Il Mio PORTAFOGLIO da 26000€! Ecco Come lo Gestisco,"Sep 13, 2020",0
2020-06-26,u3-Q3FmRDbs,Il Mio PORTAFOGLIO da 26000€! Ecco Come lo Gestisco,"Sep 13, 2020",0
2020-06-27,u3-Q3FmRDbs,Il Mio PORTAFOGLIO da 26000€! Ecco Come lo Gestisco,"Sep 13, 2020",0
2020-06-28,u3-Q3FmRDbs,Il Mio PORTAFOGLIO da 26000€! Ecco Come lo Gestisco,"Sep 13, 2020",0
2020-06-29,u3-Q3FmRDbs,Il Mio PORTAFOGLIO da 26000€! Ecco Come lo Gestisco,"Sep 13, 2020",0
2020-06-30,u3-Q3FmRDbs,Il Mio PORTAFOGLIO da 26000€! Ecco Come lo Gestisco,"Sep 13, 2020",0
2020-07-01,u3-Q3FmRDbs,Il Mio PORTAFOGLIO da 26000€! Ecco Come lo Gestisco,"Sep 13, 2020",0
2020-07-02,u3-Q3FmRDbs,Il Mio PORTAFOGLIO da 26000€! Ecco Come lo Gestisco,"Sep 13, 2020",0
2020-07-03,u3-Q3FmRDbs,Il Mio PORTAFOGLIO da 26000€! Ecco Come lo Gestisco,"Sep 13, 2020",0
2020-07-04,u3-Q3FmRDbs,Il Mio PORTAFOGLIO da 26000€! Ecco Come lo Gestisco,"Sep 13, 2020",0
2020-07-05,u3-Q3FmRDbs,Il Mio PORTAFOGLIO da 26000€! Ecco Come lo Gestisco,"Sep 13, 2020",0
2020-07-06,u3-Q3FmRDbs,Il Mio PORTAFOGLIO da 26000€! Ecco Come lo Gestisco,"Sep 13, 2020",0
2020-07-07,u3-Q3FmRDbs,Il Mio PORTAFOGLIO da 26000€! Ecco Come lo Gestisco,"Sep 13, 2020",0
2020-07-08,u3-Q3FmRDbs,Il Mio PORTAFOGLIO da 26000€! Ecco Come lo Gestisco,"Sep 13, 2020",0
2020-07-09,u3-Q3FmRDbs,Il Mio PORTAFOGLIO da 26000€! Ecco Come lo Gestisco,"Sep 13, 2020",0
2020-07-10,u3-Q3FmRDbs,Il Mio PORTAFOGLIO da 26000€! Ecco Come lo Gestisco,"Sep 13, 2020",0
2020-07-11,u3-Q3FmRDbs,Il Mio PORTAFOGLIO da 26000€! Ecco Come lo Gestisco,"Sep 13, 2020",0
2020-07-12,u3-Q3FmRDbs,Il Mio PORTAFOGLIO da 26000€! Ecco Come lo Gestisco,"Sep 13, 2020",0
2020-07-13,u3-Q3FmRDbs,Il Mio PORTAFOGLIO da 26000€! Ecco Come lo Gestisco,"Sep 13, 2020",0
2020-07-14,u3-Q3FmRDbs,Il Mio PORTAFOGLIO da 26000€! Ecco Come lo Gestisco,"Sep 13, 2020",0
2020-07-15,u3-Q3FmRDbs,Il Mio PORTAFOGLIO da 26000€! Ecco Come lo Gestisco,"Sep 13, 2020",0
2020-07-16,u3-Q3FmRDbs,Il Mio PORTAFOGLIO da 26000€! Ecco Come lo Gestisco,"Sep 13, 2020",0
2020-07-17,u3-Q3FmRDbs,Il Mio PORTAFOGLIO da 26000€! Ecco Come lo Gestisco,"Sep 13, 2020",0
2020-07-18,u3-Q3FmRDbs,Il Mio PORTAFOGLIO da 26000€! Ecco Come lo Gestisco,"Sep 13, 2020",0
2020-07-19,u3-Q3FmRDbs,Il Mio PORTAFOGLIO da 26000€! Ecco Come lo Gestisco,"Sep 13, 2020",0
2020-07-20,u3-Q3FmRDbs,Il Mio PORTAFOGLIO da 26000€! Ecco Come lo Gestisco,"Sep 13, 2020",0
2020-07-21,u3-Q3FmRDbs,Il Mio PORTAFOGLIO da 26000€! Ecco Come lo Gestisco,"Sep 13, 2020",0
2020-07-22,u3-Q3FmRDbs,Il Mio PORTAFOGLIO da 26000€! Ecco Come lo Gestisco,"Sep 13, 2020",0
2020-07-23,u3-Q3FmRDbs,Il Mio PORTAFOGLIO da 26000€! Ecco Come lo Gestisco,"Sep 13, 2020",0
2020-07-24,u3-Q3FmRDbs,Il Mio PORTAFOGLIO da 26000€! Ecco Come lo Gestisco,"Sep 13, 2020",0
2020-07-25,u3-Q3FmRDbs,Il Mio PORTAFOGLIO da 26000€! Ecco Come lo Gestisco,"Sep 13, 2020",0
2020-07-26,u3-Q3FmRDbs,Il Mio PORTAFOGLIO da 26000€! Ecco Come lo Gestisco,"Sep 13, 2020",0
2020-07-27,u3-Q3FmRDbs,Il Mio PORTAFOGLIO da 26000€! Ecco Come lo Gestisco,"Sep 13, 2020",0
2020-07-28,u3-Q3FmRDbs,Il Mio PORTAFOGLIO da 26000€! Ecco Come lo Gestisco,"Sep 13, 2020",0
2020-07-29,u3-Q3FmRDbs,Il Mio PORTAFOGLIO da 26000€! Ecco Come lo Gestisco,"Sep 13, 2020",0
2020-07-30,u3-Q3FmRDbs,Il Mio PORTAFOGLIO da 26000€! Ecco Come lo Gestisco,"Sep 13, 2020",0
2020-07-31,u3-Q3FmRDbs,Il Mio PORTAFOGLIO da 26000€! Ecco Come lo Gestisco,"Sep 13, 2020",0
2020-08-01,u3-Q3FmRDbs,Il Mio PORTAFOGLIO da 26000€! Ecco Come lo Gestisco,"Sep 13, 2020",0
2020-08-02,u3-Q3FmRDbs,Il Mio PORTAFOGLIO da 26000€! Ecco Come lo Gestisco,"Sep 13, 2020",0
2020-08-03,u3-Q3FmRDbs,Il Mio PORTAFOGLIO da 26000€! Ecco Come lo Gestisco,"Sep 13, 2020",0
2020-08-04,u3-Q3FmRDbs,Il Mio PORTAFOGLIO da 26000€! Ecco Come lo Gestisco,"Sep 13, 2020",0
2020-08-05,u3-Q3FmRDbs,Il Mio PORTAFOGLIO da 26000€! Ecco Come lo Gestisco,"Sep 13, 2020",0
2020-08-06,u3-Q3FmRDbs,Il Mio PORTAFOGLIO da 26000€! Ecco Come lo Gestisco,"Sep 13, 2020",0
2020-08-07,u3-Q3FmRDbs,Il Mio PORTAFOGLIO da 26000€! Ecco Come lo Gestisco,"Sep 13, 2020",0
2020-08-08,u3-Q3FmRDbs,Il Mio PORTAFOGLIO da 26000€! Ecco Come lo Gestisco,"Sep 13, 2020",0
2020-08-09,u3-Q3FmRDbs,Il Mio PORTAFOGLIO da 26000€! Ecco Come lo Gestisco,"Sep 13, 2020",0
2020-08-10,u3-Q3FmRDbs,Il Mio PORTAFOGLIO da 26000€! Ecco Come lo Gestisco,"Sep 13, 2020",0
2020-08-11,u3-Q3FmRDbs,Il Mio PORTAFOGLIO da 26000€! Ecco Come lo Gestisco,"Sep 13, 2020",0
2020-08-12,u3-Q3FmRDbs,Il Mio PORTAFOGLIO da 26000€! Ecco Come lo Gestisco,"Sep 13, 2020",0
2020-08-13,u3-Q3FmRDbs,Il Mio PORTAFOGLIO da 26000€! Ecco Come lo Gestisco,"Sep 13, 2020",0
2020-08-14,u3-Q3FmRDbs,Il Mio PORTAFOGLIO da 26000€! Ecco Come lo Gestisco,"Sep 13, 2020",0
2020-08-15,u3-Q3FmRDbs,Il Mio PORTAFOGLIO da 26000€! Ecco Come lo Gestisco,"Sep 13, 2020",0
2020-08-16,u3-Q3FmRDbs,Il Mio PORTAFOGLIO da 26000€! Ecco Come lo Gestisco,"Sep 13, 2020",0
2020-08-17,u3-Q3FmRDbs,Il Mio PORTAFOGLIO da 26000€! Ecco Come lo Gestisco,"Sep 13, 2020",0
2020-08-18,u3-Q3FmRDbs,Il Mio PORTAFOGLIO da 26000€! Ecco Come lo Gestisco,"Sep 13, 2020",0
2020-08-19,u3-Q3FmRDbs,Il Mio PORTAFOGLIO da 26000€! Ecco Come lo Gestisco,"Sep 13, 2020",0
2020-08-20,u3-Q3FmRDbs,Il Mio PORTAFOGLIO da 26000€! Ecco Come lo Gestisco,"Sep 13, 2020",0
2020-08-21,u3-Q3FmRDbs,Il Mio PORTAFOGLIO da 26000€! Ecco Come lo Gestisco,"Sep 13, 2020",0
2020-08-22,u3-Q3FmRDbs,Il Mio PORTAFOGLIO da 26000€! Ecco Come lo Gestisco,"Sep 13, 2020",0
2020-08-23,u3-Q3FmRDbs,Il Mio PORTAFOGLIO da 26000€! Ecco Come lo Gestisco,"Sep 13, 2020",0
2020-08-24,u3-Q3FmRDbs,Il Mio PORTAFOGLIO da 26000€! Ecco Come lo Gestisco,"Sep 13, 2020",0
2020-08-25,u3-Q3FmRDbs,Il Mio PORTAFOGLIO da 26000€! Ecco Come lo Gestisco,"Sep 13, 2020",0
2020-08-26,u3-Q3FmRDbs,Il Mio PORTAFOGLIO da 26000€! Ecco Come lo Gestisco,"Sep 13, 2020",0
2020-08-27,u3-Q3FmRDbs,Il Mio PORTAFOGLIO da 26000€! Ecco Come lo Gestisco,"Sep 13, 2020",0
2020-08-28,u3-Q3FmRDbs,Il Mio PORTAFOGLIO da 26000€! Ecco Come lo Gestisco,"Sep 13, 2020",0
2020-08-29,u3-Q3FmRDbs,Il Mio PORTAFOGLIO da 26000€! Ecco Come lo Gestisco,"Sep 13, 2020",0
2020-08-30,u3-Q3FmRDbs,Il Mio PORTAFOGLIO da 26000€! Ecco Come lo Gestisco,"Sep 13, 2020",0
2020-08-31,u3-Q3FmRDbs,Il Mio PORTAFOGLIO da 26000€! Ecco Come lo Gestisco,"Sep 13, 2020",0
2020-09-01,u3-Q3FmRDbs,Il Mio PORTAFOGLIO da 26000€! Ecco Come lo Gestisco,"Sep 13, 2020",0
2020-09-02,u3-Q3FmRDbs,Il Mio PORTAFOGLIO da 26000€! Ecco Come lo Gestisco,"Sep 13, 2020",0
2020-09-03,u3-Q3FmRDbs,Il Mio PORTAFOGLIO da 26000€! Ecco Come lo Gestisco,"Sep 13, 2020",0
2020-09-04,u3-Q3FmRDbs,Il Mio PORTAFOGLIO da 26000€! Ecco Come lo Gestisco,"Sep 13, 2020",0
2020-09-05,u3-Q3FmRDbs,Il Mio PORTAFOGLIO da 26000€! Ecco Come lo Gestisco,"Sep 13, 2020",0
2020-09-06,u3-Q3FmRDbs,Il Mio PORTAFOGLIO da 26000€! Ecco Come lo Gestisco,"Sep 13, 2020",0
2020-09-07,u3-Q3FmRDbs,Il Mio PORTAFOGLIO da 26000€! Ecco Come lo Gestisco,"Sep 13, 2020",0
2020-09-08,u3-Q3FmRDbs,Il Mio PORTAFOGLIO da 26000€! Ecco Come lo Gestisco,"Sep 13, 2020",0
2020-09-09,u3-Q3FmRDbs,Il Mio PORTAFOGLIO da 26000€! Ecco Come lo Gestisco,"Sep 13, 2020",0
2020-09-10,u3-Q3FmRDbs,Il Mio PORTAFOGLIO da 26000€! Ecco Come lo Gestisco,"Sep 13, 2020",0
2020-09-11,u3-Q3FmRDbs,Il Mio PORTAFOGLIO da 26000€! Ecco Come lo Gestisco,"Sep 13, 2020",0
2020-09-12,u3-Q3FmRDbs,Il Mio PORTAFOGLIO da 26000€! Ecco Come lo Gestisco,"Sep 13, 2020",0
2020-09-13,u3-Q3FmRDbs,Il Mio PORTAFOGLIO da 26000€! Ecco Come lo Gestisco,"Sep 13, 2020",1
2020-09-14,u3-Q3FmRDbs,Il Mio PORTAFOGLIO da 26000€! Ecco Come lo Gestisco,"Sep 13, 2020",0
2020-09-15,u3-Q3FmRDbs,Il Mio PORTAFOGLIO da 26000€! Ecco Come lo Gestisco,"Sep 13, 2020",2
2020-09-16,u3-Q3FmRDbs,Il Mio PORTAFOGLIO da 26000€! Ecco Come lo Gestisco,"Sep 13, 2020",0
2020-09-17,u3-Q3FmRDbs,Il Mio PORTAFOGLIO da 26000€! Ecco Come lo Gestisco,"Sep 13, 2020",0
2020-09-18,u3-Q3FmRDbs,Il Mio PORTAFOGLIO da 26000€! Ecco Come lo Gestisco,"Sep 13, 2020",0
2020-09-19,u3-Q3FmRDbs,Il Mio PORTAFOGLIO da 26000€! Ecco Come lo Gestisco,"Sep 13, 2020",0
2020-09-20,u3-Q3FmRDbs,Il Mio PORTAFOGLIO da 26000€! Ecco Come lo Gestisco,"Sep 13, 2020",1
2020-09-21,u3-Q3FmRDbs,Il Mio PORTAFOGLIO da 26000€! Ecco Come lo Gestisco,"Sep 13, 2020",0
2020-09-22,u3-Q3FmRDbs,Il Mio PORTAFOGLIO da 26000€! Ecco Come lo Gestisco,"Sep 13, 2020",0
2020-09-23,u3-Q3FmRDbs,Il Mio PORTAFOGLIO da 26000€! Ecco Come lo Gestisco,"Sep 13, 2020",1
2020-09-24,u3-Q3FmRDbs,Il Mio PORTAFOGLIO da 26000€! Ecco Come lo Gestisco,"Sep 13, 2020",1
2020-09-25,u3-Q3FmRDbs,Il Mio PORTAFOGLIO da 26000€! Ecco Come lo Gestisco,"Sep 13, 2020",0
2020-09-26,u3-Q3FmRDbs,Il Mio PORTAFOGLIO da 26000€! Ecco Come lo Gestisco,"Sep 13, 2020",0
2020-09-27,u3-Q3FmRDbs,Il Mio PORTAFOGLIO da 26000€! Ecco Come lo Gestisco,"Sep 13, 2020",0
2020-09-28,u3-Q3FmRDbs,Il Mio PORTAFOGLIO da 26000€! Ecco Come lo Gestisco,"Sep 13, 2020",0
2020-09-29,u3-Q3FmRDbs,Il Mio PORTAFOGLIO da 26000€! Ecco Come lo Gestisco,"Sep 13, 2020",0
2020-09-30,u3-Q3FmRDbs,Il Mio PORTAFOGLIO da 26000€! Ecco Come lo Gestisco,"Sep 13, 2020",0
2020-10-01,u3-Q3FmRDbs,Il Mio PORTAFOGLIO da 26000€! Ecco Come lo Gestisco,"Sep 13, 2020",0
2020-10-02,u3-Q3FmRDbs,Il Mio PORTAFOGLIO da 26000€! Ecco Come lo Gestisco,"Sep 13, 2020",0
2020-10-03,u3-Q3FmRDbs,Il Mio PORTAFOGLIO da 26000€! Ecco Come lo Gestisco,"Sep 13, 2020",0
2020-10-04,u3-Q3FmRDbs,Il Mio PORTAFOGLIO da 26000€! Ecco Come lo Gestisco,"Sep 13, 2020",1
2020-10-05,u3-Q3FmRDbs,Il Mio PORTAFOGLIO da 26000€! Ecco Come lo Gestisco,"Sep 13, 2020",0
2020-10-06,u3-Q3FmRDbs,Il Mio PORTAFOGLIO da 26000€! Ecco Come lo Gestisco,"Sep 13, 2020",0
2020-10-07,u3-Q3FmRDbs,Il Mio PORTAFOGLIO da 26000€! Ecco Come lo Gestisco,"Sep 13, 2020",0
2020-10-08,u3-Q3FmRDbs,Il Mio PORTAFOGLIO da 26000€! Ecco Come lo Gestisco,"Sep 13, 2020",0
2020-10-09,u3-Q3FmRDbs,Il Mio PORTAFOGLIO da 26000€! Ecco Come lo Gestisco,"Sep 13, 2020",0
2020-10-10,u3-Q3FmRDbs,Il Mio PORTAFOGLIO da 26000€! Ecco Come lo Gestisco,"Sep 13, 2020",0
2020-10-11,u3-Q3FmRDbs,Il Mio PORTAFOGLIO da 26000€! Ecco Come lo Gestisco,"Sep 13, 2020",0
2020-10-12,u3-Q3FmRDbs,Il Mio PORTAFOGLIO da 26000€! Ecco Come lo Gestisco,"Sep 13, 2020",0
2020-10-13,u3-Q3FmRDbs,Il Mio PORTAFOGLIO da 26000€! Ecco Come lo Gestisco,"Sep 13, 2020",0
2020-10-14,u3-Q3FmRDbs,Il Mio PORTAFOGLIO da 26000€! Ecco Come lo Gestisco,"Sep 13, 2020",0
2020-10-15,u3-Q3FmRDbs,Il Mio PORTAFOGLIO da 26000€! Ecco Come lo Gestisco,"Sep 13, 2020",0
2020-10-16,u3-Q3FmRDbs,Il Mio PORTAFOGLIO da 26000€! Ecco Come lo Gestisco,"Sep 13, 2020",0
2020-10-17,u3-Q3FmRDbs,Il Mio PORTAFOGLIO da 26000€! Ecco Come lo Gestisco,"Sep 13, 2020",0
2020-10-18,u3-Q3FmRDbs,Il Mio PORTAFOGLIO da 26000€! Ecco Come lo Gestisco,"Sep 13, 2020",0
2020-10-19,u3-Q3FmRDbs,Il Mio PORTAFOGLIO da 26000€! Ecco Come lo Gestisco,"Sep 13, 2020",0
2020-10-20,u3-Q3FmRDbs,Il Mio PORTAFOGLIO da 26000€! Ecco Come lo Gestisco,"Sep 13, 2020",0
2020-10-21,u3-Q3FmRDbs,Il Mio PORTAFOGLIO da 26000€! Ecco Come lo Gestisco,"Sep 13, 2020",0
2020-10-22,u3-Q3FmRDbs,Il Mio PORTAFOGLIO da 26000€! Ecco Come lo Gestisco,"Sep 13, 2020",0
2020-10-23,u3-Q3FmRDbs,Il Mio PORTAFOGLIO da 26000€! Ecco Come lo Gestisco,"Sep 13, 2020",0
2020-10-24,u3-Q3FmRDbs,Il Mio PORTAFOGLIO da 26000€! Ecco Come lo Gestisco,"Sep 13, 2020",0
2020-10-25,u3-Q3FmRDbs,Il Mio PORTAFOGLIO da 26000€! Ecco Come lo Gestisco,"Sep 13, 2020",0
2020-10-26,u3-Q3FmRDbs,Il Mio PORTAFOGLIO da 26000€! Ecco Come lo Gestisco,"Sep 13, 2020",0
2020-10-27,u3-Q3FmRDbs,Il Mio PORTAFOGLIO da 26000€! Ecco Come lo Gestisco,"Sep 13, 2020",0
2020-10-28,u3-Q3FmRDbs,Il Mio PORTAFOGLIO da 26000€! Ecco Come lo Gestisco,"Sep 13, 2020",0
2020-10-29,u3-Q3FmRDbs,Il Mio PORTAFOGLIO da 26000€! Ecco Come lo Gestisco,"Sep 13, 2020",0
2020-10-30,u3-Q3FmRDbs,Il Mio PORTAFOGLIO da 26000€! Ecco Come lo Gestisco,"Sep 13, 2020",0
2020-10-31,u3-Q3FmRDbs,Il Mio PORTAFOGLIO da 26000€! Ecco Come lo Gestisco,"Sep 13, 2020",0
2020-11-01,u3-Q3FmRDbs,Il Mio PORTAFOGLIO da 26000€! Ecco Come lo Gestisco,"Sep 13, 2020",0
2020-11-02,u3-Q3FmRDbs,Il Mio PORTAFOGLIO da 26000€! Ecco Come lo Gestisco,"Sep 13, 2020",0
2020-11-03,u3-Q3FmRDbs,Il Mio PORTAFOGLIO da 26000€! Ecco Come lo Gestisco,"Sep 13, 2020",0
2020-11-04,u3-Q3FmRDbs,Il Mio PORTAFOGLIO da 26000€! Ecco Come lo Gestisco,"Sep 13, 2020",0
2020-11-05,u3-Q3FmRDbs,Il Mio PORTAFOGLIO da 26000€! Ecco Come lo Gestisco,"Sep 13, 2020",0
2020-11-06,u3-Q3FmRDbs,Il Mio PORTAFOGLIO da 26000€! Ecco Come lo Gestisco,"Sep 13, 2020",0
2020-11-07,u3-Q3FmRDbs,Il Mio PORTAFOGLIO da 26000€! Ecco Come lo Gestisco,"Sep 13, 2020",0
2020-11-08,u3-Q3FmRDbs,Il Mio PORTAFOGLIO da 26000€! Ecco Come lo Gestisco,"Sep 13, 2020",0
2020-11-09,u3-Q3FmRDbs,Il Mio PORTAFOGLIO da 26000€! Ecco Come lo Gestisco,"Sep 13, 2020",0
2020-11-10,u3-Q3FmRDbs,Il Mio PORTAFOGLIO da 26000€! Ecco Come lo Gestisco,"Sep 13, 2020",0
2020-11-11,u3-Q3FmRDbs,Il Mio PORTAFOGLIO da 26000€! Ecco Come lo Gestisco,"Sep 13, 2020",0
2020-11-12,u3-Q3FmRDbs,Il Mio PORTAFOGLIO da 26000€! Ecco Come lo Gestisco,"Sep 13, 2020",0
2020-11-13,u3-Q3FmRDbs,Il Mio PORTAFOGLIO da 26000€! Ecco Come lo Gestisco,"Sep 13, 2020",0
2020-11-14,u3-Q3FmRDbs,Il Mio PORTAFOGLIO da 26000€! Ecco Come lo Gestisco,"Sep 13, 2020",0
2020-11-15,u3-Q3FmRDbs,Il Mio PORTAFOGLIO da 26000€! Ecco Come lo Gestisco,"Sep 13, 2020",0
2020-11-16,u3-Q3FmRDbs,Il Mio PORTAFOGLIO da 26000€! Ecco Come lo Gestisco,"Sep 13, 2020",0
2020-11-17,u3-Q3FmRDbs,Il Mio PORTAFOGLIO da 26000€! Ecco Come lo Gestisco,"Sep 13, 2020",0
2020-11-18,u3-Q3FmRDbs,Il Mio PORTAFOGLIO da 26000€! Ecco Come lo Gestisco,"Sep 13, 2020",0
2020-11-19,u3-Q3FmRDbs,Il Mio PORTAFOGLIO da 26000€! Ecco Come lo Gestisco,"Sep 13, 2020",0
2020-11-20,u3-Q3FmRDbs,Il Mio PORTAFOGLIO da 26000€! Ecco Come lo Gestisco,"Sep 13, 2020",0
2020-11-21,u3-Q3FmRDbs,Il Mio PORTAFOGLIO da 26000€! Ecco Come lo Gestisco,"Sep 13, 2020",0
2020-11-22,u3-Q3FmRDbs,Il Mio PORTAFOGLIO da 26000€! Ecco Come lo Gestisco,"Sep 13, 2020",0
2020-11-23,u3-Q3FmRDbs,Il Mio PORTAFOGLIO da 26000€! Ecco Come lo Gestisco,"Sep 13, 2020",0
2020-11-24,u3-Q3FmRDbs,Il Mio PORTAFOGLIO da 26000€! Ecco Come lo Gestisco,"Sep 13, 2020",0
2020-11-25,u3-Q3FmRDbs,Il Mio PORTAFOGLIO da 26000€! Ecco Come lo Gestisco,"Sep 13, 2020",0
2020-11-26,u3-Q3FmRDbs,Il Mio PORTAFOGLIO da 26000€! Ecco Come lo Gestisco,"Sep 13, 2020",0
2020-11-27,u3-Q3FmRDbs,Il Mio PORTAFOGLIO da 26000€! Ecco Come lo Gestisco,"Sep 13, 2020",0
2020-11-28,u3-Q3FmRDbs,Il Mio PORTAFOGLIO da 26000€! Ecco Come lo Gestisco,"Sep 13, 2020",0
2020-11-29,u3-Q3FmRDbs,Il Mio PORTAFOGLIO da 26000€! Ecco Come lo Gestisco,"Sep 13, 2020",0
2020-11-30,u3-Q3FmRDbs,Il Mio PORTAFOGLIO da 26000€! Ecco Come lo Gestisco,"Sep 13, 2020",0
2020-12-01,u3-Q3FmRDbs,Il Mio PORTAFOGLIO da 26000€! Ecco Come lo Gestisco,"Sep 13, 2020",0
2020-12-02,u3-Q3FmRDbs,Il Mio PORTAFOGLIO da 26000€! Ecco Come lo Gestisco,"Sep 13, 2020",0
2020-12-03,u3-Q3FmRDbs,Il Mio PORTAFOGLIO da 26000€! Ecco Come lo Gestisco,"Sep 13, 2020",0
2020-12-04,u3-Q3FmRDbs,Il Mio PORTAFOGLIO da 26000€! Ecco Come lo Gestisco,"Sep 13, 2020",0
2020-12-05,u3-Q3FmRDbs,Il Mio PORTAFOGLIO da 26000€! Ecco Come lo Gestisco,"Sep 13, 2020",0
2020-12-06,u3-Q3FmRDbs,Il Mio PORTAFOGLIO da 26000€! Ecco Come lo Gestisco,"Sep 13, 2020",0
2020-12-07,u3-Q3FmRDbs,Il Mio PORTAFOGLIO da 26000€! Ecco Come lo Gestisco,"Sep 13, 2020",0
2020-12-08,u3-Q3FmRDbs,Il Mio PORTAFOGLIO da 26000€! Ecco Come lo Gestisco,"Sep 13, 2020",0
2020-12-09,u3-Q3FmRDbs,Il Mio PORTAFOGLIO da 26000€! Ecco Come lo Gestisco,"Sep 13, 2020",0
2020-12-10,u3-Q3FmRDbs,Il Mio PORTAFOGLIO da 26000€! Ecco Come lo Gestisco,"Sep 13, 2020",0
2020-12-11,u3-Q3FmRDbs,Il Mio PORTAFOGLIO da 26000€! Ecco Come lo Gestisco,"Sep 13, 2020",0
