Data,Video,Titolo video,Ora pubblicazione video,Iscritti conquistati
2020-04-01,Rj5GmhqGyGc,È Possibile RADDOPPIARE 1000€ in Pochi Mesi?! | Come Guadagnare 1000€ Realmente,"Sep 25, 2020",0
2020-04-02,Rj5GmhqGyGc,È Possibile RADDOPPIARE 1000€ in Pochi Mesi?! | Come Guadagnare 1000€ Realmente,"Sep 25, 2020",0
2020-04-03,Rj5GmhqGyGc,È Possibile RADDOPPIARE 1000€ in Pochi Mesi?! | Come Guadagnare 1000€ Realmente,"Sep 25, 2020",0
2020-04-04,Rj5GmhqGyGc,È Possibile RADDOPPIARE 1000€ in Pochi Mesi?! | Come Guadagnare 1000€ Realmente,"Sep 25, 2020",0
2020-04-05,Rj5GmhqGyGc,È Possibile RADDOPPIARE 1000€ in Pochi Mesi?! | Come Guadagnare 1000€ Realmente,"Sep 25, 2020",0
2020-04-06,Rj5GmhqGyGc,È Possibile RADDOPPIARE 1000€ in Pochi Mesi?! | Come Guadagnare 1000€ Realmente,"Sep 25, 2020",0
2020-04-07,Rj5GmhqGyGc,È Possibile RADDOPPIARE 1000€ in Pochi Mesi?! | Come Guadagnare 1000€ Realmente,"Sep 25, 2020",0
2020-04-08,Rj5GmhqGyGc,È Possibile RADDOPPIARE 1000€ in Pochi Mesi?! | Come Guadagnare 1000€ Realmente,"Sep 25, 2020",0
2020-04-09,Rj5GmhqGyGc,È Possibile RADDOPPIARE 1000€ in Pochi Mesi?! | Come Guadagnare 1000€ Realmente,"Sep 25, 2020",0
2020-04-10,Rj5GmhqGyGc,È Possibile RADDOPPIARE 1000€ in Pochi Mesi?! | Come Guadagnare 1000€ Realmente,"Sep 25, 2020",0
2020-04-11,Rj5GmhqGyGc,È Possibile RADDOPPIARE 1000€ in Pochi Mesi?! | Come Guadagnare 1000€ Realmente,"Sep 25, 2020",0
2020-04-12,Rj5GmhqGyGc,È Possibile RADDOPPIARE 1000€ in Pochi Mesi?! | Come Guadagnare 1000€ Realmente,"Sep 25, 2020",0
2020-04-13,Rj5GmhqGyGc,È Possibile RADDOPPIARE 1000€ in Pochi Mesi?! | Come Guadagnare 1000€ Realmente,"Sep 25, 2020",0
2020-04-14,Rj5GmhqGyGc,È Possibile RADDOPPIARE 1000€ in Pochi Mesi?! | Come Guadagnare 1000€ Realmente,"Sep 25, 2020",0
2020-04-15,Rj5GmhqGyGc,È Possibile RADDOPPIARE 1000€ in Pochi Mesi?! | Come Guadagnare 1000€ Realmente,"Sep 25, 2020",0
2020-04-16,Rj5GmhqGyGc,È Possibile RADDOPPIARE 1000€ in Pochi Mesi?! | Come Guadagnare 1000€ Realmente,"Sep 25, 2020",0
2020-04-17,Rj5GmhqGyGc,È Possibile RADDOPPIARE 1000€ in Pochi Mesi?! | Come Guadagnare 1000€ Realmente,"Sep 25, 2020",0
2020-04-18,Rj5GmhqGyGc,È Possibile RADDOPPIARE 1000€ in Pochi Mesi?! | Come Guadagnare 1000€ Realmente,"Sep 25, 2020",0
2020-04-19,Rj5GmhqGyGc,È Possibile RADDOPPIARE 1000€ in Pochi Mesi?! | Come Guadagnare 1000€ Realmente,"Sep 25, 2020",0
2020-04-20,Rj5GmhqGyGc,È Possibile RADDOPPIARE 1000€ in Pochi Mesi?! | Come Guadagnare 1000€ Realmente,"Sep 25, 2020",0
2020-04-21,Rj5GmhqGyGc,È Possibile RADDOPPIARE 1000€ in Pochi Mesi?! | Come Guadagnare 1000€ Realmente,"Sep 25, 2020",0
2020-04-22,Rj5GmhqGyGc,È Possibile RADDOPPIARE 1000€ in Pochi Mesi?! | Come Guadagnare 1000€ Realmente,"Sep 25, 2020",0
2020-04-23,Rj5GmhqGyGc,È Possibile RADDOPPIARE 1000€ in Pochi Mesi?! | Come Guadagnare 1000€ Realmente,"Sep 25, 2020",0
2020-04-24,Rj5GmhqGyGc,È Possibile RADDOPPIARE 1000€ in Pochi Mesi?! | Come Guadagnare 1000€ Realmente,"Sep 25, 2020",0
2020-04-25,Rj5GmhqGyGc,È Possibile RADDOPPIARE 1000€ in Pochi Mesi?! | Come Guadagnare 1000€ Realmente,"Sep 25, 2020",0
2020-04-26,Rj5GmhqGyGc,È Possibile RADDOPPIARE 1000€ in Pochi Mesi?! | Come Guadagnare 1000€ Realmente,"Sep 25, 2020",0
2020-04-27,Rj5GmhqGyGc,È Possibile RADDOPPIARE 1000€ in Pochi Mesi?! | Come Guadagnare 1000€ Realmente,"Sep 25, 2020",0
2020-04-28,Rj5GmhqGyGc,È Possibile RADDOPPIARE 1000€ in Pochi Mesi?! | Come Guadagnare 1000€ Realmente,"Sep 25, 2020",0
2020-04-29,Rj5GmhqGyGc,È Possibile RADDOPPIARE 1000€ in Pochi Mesi?! | Come Guadagnare 1000€ Realmente,"Sep 25, 2020",0
2020-04-30,Rj5GmhqGyGc,È Possibile RADDOPPIARE 1000€ in Pochi Mesi?! | Come Guadagnare 1000€ Realmente,"Sep 25, 2020",0
2020-05-01,Rj5GmhqGyGc,È Possibile RADDOPPIARE 1000€ in Pochi Mesi?! | Come Guadagnare 1000€ Realmente,"Sep 25, 2020",0
2020-05-02,Rj5GmhqGyGc,È Possibile RADDOPPIARE 1000€ in Pochi Mesi?! | Come Guadagnare 1000€ Realmente,"Sep 25, 2020",0
2020-05-03,Rj5GmhqGyGc,È Possibile RADDOPPIARE 1000€ in Pochi Mesi?! | Come Guadagnare 1000€ Realmente,"Sep 25, 2020",0
2020-05-04,Rj5GmhqGyGc,È Possibile RADDOPPIARE 1000€ in Pochi Mesi?! | Come Guadagnare 1000€ Realmente,"Sep 25, 2020",0
2020-05-05,Rj5GmhqGyGc,È Possibile RADDOPPIARE 1000€ in Pochi Mesi?! | Come Guadagnare 1000€ Realmente,"Sep 25, 2020",0
2020-05-06,Rj5GmhqGyGc,È Possibile RADDOPPIARE 1000€ in Pochi Mesi?! | Come Guadagnare 1000€ Realmente,"Sep 25, 2020",0
2020-05-07,Rj5GmhqGyGc,È Possibile RADDOPPIARE 1000€ in Pochi Mesi?! | Come Guadagnare 1000€ Realmente,"Sep 25, 2020",0
2020-05-08,Rj5GmhqGyGc,È Possibile RADDOPPIARE 1000€ in Pochi Mesi?! | Come Guadagnare 1000€ Realmente,"Sep 25, 2020",0
2020-05-09,Rj5GmhqGyGc,È Possibile RADDOPPIARE 1000€ in Pochi Mesi?! | Come Guadagnare 1000€ Realmente,"Sep 25, 2020",0
2020-05-10,Rj5GmhqGyGc,È Possibile RADDOPPIARE 1000€ in Pochi Mesi?! | Come Guadagnare 1000€ Realmente,"Sep 25, 2020",0
2020-05-11,Rj5GmhqGyGc,È Possibile RADDOPPIARE 1000€ in Pochi Mesi?! | Come Guadagnare 1000€ Realmente,"Sep 25, 2020",0
2020-05-12,Rj5GmhqGyGc,È Possibile RADDOPPIARE 1000€ in Pochi Mesi?! | Come Guadagnare 1000€ Realmente,"Sep 25, 2020",0
2020-05-13,Rj5GmhqGyGc,È Possibile RADDOPPIARE 1000€ in Pochi Mesi?! | Come Guadagnare 1000€ Realmente,"Sep 25, 2020",0
2020-05-14,Rj5GmhqGyGc,È Possibile RADDOPPIARE 1000€ in Pochi Mesi?! | Come Guadagnare 1000€ Realmente,"Sep 25, 2020",0
2020-05-15,Rj5GmhqGyGc,È Possibile RADDOPPIARE 1000€ in Pochi Mesi?! | Come Guadagnare 1000€ Realmente,"Sep 25, 2020",0
2020-05-16,Rj5GmhqGyGc,È Possibile RADDOPPIARE 1000€ in Pochi Mesi?! | Come Guadagnare 1000€ Realmente,"Sep 25, 2020",0
2020-05-17,Rj5GmhqGyGc,È Possibile RADDOPPIARE 1000€ in Pochi Mesi?! | Come Guadagnare 1000€ Realmente,"Sep 25, 2020",0
2020-05-18,Rj5GmhqGyGc,È Possibile RADDOPPIARE 1000€ in Pochi Mesi?! | Come Guadagnare 1000€ Realmente,"Sep 25, 2020",0
2020-05-19,Rj5GmhqGyGc,È Possibile RADDOPPIARE 1000€ in Pochi Mesi?! | Come Guadagnare 1000€ Realmente,"Sep 25, 2020",0
2020-05-20,Rj5GmhqGyGc,È Possibile RADDOPPIARE 1000€ in Pochi Mesi?! | Come Guadagnare 1000€ Realmente,"Sep 25, 2020",0
2020-05-21,Rj5GmhqGyGc,È Possibile RADDOPPIARE 1000€ in Pochi Mesi?! | Come Guadagnare 1000€ Realmente,"Sep 25, 2020",0
2020-05-22,Rj5GmhqGyGc,È Possibile RADDOPPIARE 1000€ in Pochi Mesi?! | Come Guadagnare 1000€ Realmente,"Sep 25, 2020",0
2020-05-23,Rj5GmhqGyGc,È Possibile RADDOPPIARE 1000€ in Pochi Mesi?! | Come Guadagnare 1000€ Realmente,"Sep 25, 2020",0
2020-05-24,Rj5GmhqGyGc,È Possibile RADDOPPIARE 1000€ in Pochi Mesi?! | Come Guadagnare 1000€ Realmente,"Sep 25, 2020",0
2020-05-25,Rj5GmhqGyGc,È Possibile RADDOPPIARE 1000€ in Pochi Mesi?! | Come Guadagnare 1000€ Realmente,"Sep 25, 2020",0
2020-05-26,Rj5GmhqGyGc,È Possibile RADDOPPIARE 1000€ in Pochi Mesi?! | Come Guadagnare 1000€ Realmente,"Sep 25, 2020",0
2020-05-27,Rj5GmhqGyGc,È Possibile RADDOPPIARE 1000€ in Pochi Mesi?! | Come Guadagnare 1000€ Realmente,"Sep 25, 2020",0
2020-05-28,Rj5GmhqGyGc,È Possibile RADDOPPIARE 1000€ in Pochi Mesi?! | Come Guadagnare 1000€ Realmente,"Sep 25, 2020",0
2020-05-29,Rj5GmhqGyGc,È Possibile RADDOPPIARE 1000€ in Pochi Mesi?! | Come Guadagnare 1000€ Realmente,"Sep 25, 2020",0
2020-05-30,Rj5GmhqGyGc,È Possibile RADDOPPIARE 1000€ in Pochi Mesi?! | Come Guadagnare 1000€ Realmente,"Sep 25, 2020",0
2020-05-31,Rj5GmhqGyGc,È Possibile RADDOPPIARE 1000€ in Pochi Mesi?! | Come Guadagnare 1000€ Realmente,"Sep 25, 2020",0
2020-06-01,Rj5GmhqGyGc,È Possibile RADDOPPIARE 1000€ in Pochi Mesi?! | Come Guadagnare 1000€ Realmente,"Sep 25, 2020",0
2020-06-02,Rj5GmhqGyGc,È Possibile RADDOPPIARE 1000€ in Pochi Mesi?! | Come Guadagnare 1000€ Realmente,"Sep 25, 2020",0
2020-06-03,Rj5GmhqGyGc,È Possibile RADDOPPIARE 1000€ in Pochi Mesi?! | Come Guadagnare 1000€ Realmente,"Sep 25, 2020",0
2020-06-04,Rj5GmhqGyGc,È Possibile RADDOPPIARE 1000€ in Pochi Mesi?! | Come Guadagnare 1000€ Realmente,"Sep 25, 2020",0
2020-06-05,Rj5GmhqGyGc,È Possibile RADDOPPIARE 1000€ in Pochi Mesi?! | Come Guadagnare 1000€ Realmente,"Sep 25, 2020",0
2020-06-06,Rj5GmhqGyGc,È Possibile RADDOPPIARE 1000€ in Pochi Mesi?! | Come Guadagnare 1000€ Realmente,"Sep 25, 2020",0
2020-06-07,Rj5GmhqGyGc,È Possibile RADDOPPIARE 1000€ in Pochi Mesi?! | Come Guadagnare 1000€ Realmente,"Sep 25, 2020",0
2020-06-08,Rj5GmhqGyGc,È Possibile RADDOPPIARE 1000€ in Pochi Mesi?! | Come Guadagnare 1000€ Realmente,"Sep 25, 2020",0
2020-06-09,Rj5GmhqGyGc,È Possibile RADDOPPIARE 1000€ in Pochi Mesi?! | Come Guadagnare 1000€ Realmente,"Sep 25, 2020",0
2020-06-10,Rj5GmhqGyGc,È Possibile RADDOPPIARE 1000€ in Pochi Mesi?! | Come Guadagnare 1000€ Realmente,"Sep 25, 2020",0
2020-06-11,Rj5GmhqGyGc,È Possibile RADDOPPIARE 1000€ in Pochi Mesi?! | Come Guadagnare 1000€ Realmente,"Sep 25, 2020",0
2020-06-12,Rj5GmhqGyGc,È Possibile RADDOPPIARE 1000€ in Pochi Mesi?! | Come Guadagnare 1000€ Realmente,"Sep 25, 2020",0
2020-06-13,Rj5GmhqGyGc,È Possibile RADDOPPIARE 1000€ in Pochi Mesi?! | Come Guadagnare 1000€ Realmente,"Sep 25, 2020",0
2020-06-14,Rj5GmhqGyGc,È Possibile RADDOPPIARE 1000€ in Pochi Mesi?! | Come Guadagnare 1000€ Realmente,"Sep 25, 2020",0
2020-06-15,Rj5GmhqGyGc,È Possibile RADDOPPIARE 1000€ in Pochi Mesi?! | Come Guadagnare 1000€ Realmente,"Sep 25, 2020",0
2020-06-16,Rj5GmhqGyGc,È Possibile RADDOPPIARE 1000€ in Pochi Mesi?! | Come Guadagnare 1000€ Realmente,"Sep 25, 2020",0
2020-06-17,Rj5GmhqGyGc,È Possibile RADDOPPIARE 1000€ in Pochi Mesi?! | Come Guadagnare 1000€ Realmente,"Sep 25, 2020",0
2020-06-18,Rj5GmhqGyGc,È Possibile RADDOPPIARE 1000€ in Pochi Mesi?! | Come Guadagnare 1000€ Realmente,"Sep 25, 2020",0
2020-06-19,Rj5GmhqGyGc,È Possibile RADDOPPIARE 1000€ in Pochi Mesi?! | Come Guadagnare 1000€ Realmente,"Sep 25, 2020",0
2020-06-20,Rj5GmhqGyGc,È Possibile RADDOPPIARE 1000€ in Pochi Mesi?! | Come Guadagnare 1000€ Realmente,"Sep 25, 2020",0
2020-06-21,Rj5GmhqGyGc,È Possibile RADDOPPIARE 1000€ in Pochi Mesi?! | Come Guadagnare 1000€ Realmente,"Sep 25, 2020",0
2020-06-22,Rj5GmhqGyGc,È Possibile RADDOPPIARE 1000€ in Pochi Mesi?! | Come Guadagnare 1000€ Realmente,"Sep 25, 2020",0
2020-06-23,Rj5GmhqGyGc,È Possibile RADDOPPIARE 1000€ in Pochi Mesi?! | Come Guadagnare 1000€ Realmente,"Sep 25, 2020",0
2020-06-24,Rj5GmhqGyGc,È Possibile RADDOPPIARE 1000€ in Pochi Mesi?! | Come Guadagnare 1000€ Realmente,"Sep 25, 2020",0
2020-06-25,Rj5GmhqGyGc,È Possibile RADDOPPIARE 1000€ in Pochi Mesi?! | Come Guadagnare 1000€ Realmente,"Sep 25, 2020",0
2020-06-26,Rj5GmhqGyGc,È Possibile RADDOPPIARE 1000€ in Pochi Mesi?! | Come Guadagnare 1000€ Realmente,"Sep 25, 2020",0
2020-06-27,Rj5GmhqGyGc,È Possibile RADDOPPIARE 1000€ in Pochi Mesi?! | Come Guadagnare 1000€ Realmente,"Sep 25, 2020",0
2020-06-28,Rj5GmhqGyGc,È Possibile RADDOPPIARE 1000€ in Pochi Mesi?! | Come Guadagnare 1000€ Realmente,"Sep 25, 2020",0
2020-06-29,Rj5GmhqGyGc,È Possibile RADDOPPIARE 1000€ in Pochi Mesi?! | Come Guadagnare 1000€ Realmente,"Sep 25, 2020",0
2020-06-30,Rj5GmhqGyGc,È Possibile RADDOPPIARE 1000€ in Pochi Mesi?! | Come Guadagnare 1000€ Realmente,"Sep 25, 2020",0
2020-07-01,Rj5GmhqGyGc,È Possibile RADDOPPIARE 1000€ in Pochi Mesi?! | Come Guadagnare 1000€ Realmente,"Sep 25, 2020",0
2020-07-02,Rj5GmhqGyGc,È Possibile RADDOPPIARE 1000€ in Pochi Mesi?! | Come Guadagnare 1000€ Realmente,"Sep 25, 2020",0
2020-07-03,Rj5GmhqGyGc,È Possibile RADDOPPIARE 1000€ in Pochi Mesi?! | Come Guadagnare 1000€ Realmente,"Sep 25, 2020",0
2020-07-04,Rj5GmhqGyGc,È Possibile RADDOPPIARE 1000€ in Pochi Mesi?! | Come Guadagnare 1000€ Realmente,"Sep 25, 2020",0
2020-07-05,Rj5GmhqGyGc,È Possibile RADDOPPIARE 1000€ in Pochi Mesi?! | Come Guadagnare 1000€ Realmente,"Sep 25, 2020",0
2020-07-06,Rj5GmhqGyGc,È Possibile RADDOPPIARE 1000€ in Pochi Mesi?! | Come Guadagnare 1000€ Realmente,"Sep 25, 2020",0
2020-07-07,Rj5GmhqGyGc,È Possibile RADDOPPIARE 1000€ in Pochi Mesi?! | Come Guadagnare 1000€ Realmente,"Sep 25, 2020",0
2020-07-08,Rj5GmhqGyGc,È Possibile RADDOPPIARE 1000€ in Pochi Mesi?! | Come Guadagnare 1000€ Realmente,"Sep 25, 2020",0
2020-07-09,Rj5GmhqGyGc,È Possibile RADDOPPIARE 1000€ in Pochi Mesi?! | Come Guadagnare 1000€ Realmente,"Sep 25, 2020",0
2020-07-10,Rj5GmhqGyGc,È Possibile RADDOPPIARE 1000€ in Pochi Mesi?! | Come Guadagnare 1000€ Realmente,"Sep 25, 2020",0
2020-07-11,Rj5GmhqGyGc,È Possibile RADDOPPIARE 1000€ in Pochi Mesi?! | Come Guadagnare 1000€ Realmente,"Sep 25, 2020",0
2020-07-12,Rj5GmhqGyGc,È Possibile RADDOPPIARE 1000€ in Pochi Mesi?! | Come Guadagnare 1000€ Realmente,"Sep 25, 2020",0
2020-07-13,Rj5GmhqGyGc,È Possibile RADDOPPIARE 1000€ in Pochi Mesi?! | Come Guadagnare 1000€ Realmente,"Sep 25, 2020",0
2020-07-14,Rj5GmhqGyGc,È Possibile RADDOPPIARE 1000€ in Pochi Mesi?! | Come Guadagnare 1000€ Realmente,"Sep 25, 2020",0
2020-07-15,Rj5GmhqGyGc,È Possibile RADDOPPIARE 1000€ in Pochi Mesi?! | Come Guadagnare 1000€ Realmente,"Sep 25, 2020",0
2020-07-16,Rj5GmhqGyGc,È Possibile RADDOPPIARE 1000€ in Pochi Mesi?! | Come Guadagnare 1000€ Realmente,"Sep 25, 2020",0
2020-07-17,Rj5GmhqGyGc,È Possibile RADDOPPIARE 1000€ in Pochi Mesi?! | Come Guadagnare 1000€ Realmente,"Sep 25, 2020",0
2020-07-18,Rj5GmhqGyGc,È Possibile RADDOPPIARE 1000€ in Pochi Mesi?! | Come Guadagnare 1000€ Realmente,"Sep 25, 2020",0
2020-07-19,Rj5GmhqGyGc,È Possibile RADDOPPIARE 1000€ in Pochi Mesi?! | Come Guadagnare 1000€ Realmente,"Sep 25, 2020",0
2020-07-20,Rj5GmhqGyGc,È Possibile RADDOPPIARE 1000€ in Pochi Mesi?! | Come Guadagnare 1000€ Realmente,"Sep 25, 2020",0
2020-07-21,Rj5GmhqGyGc,È Possibile RADDOPPIARE 1000€ in Pochi Mesi?! | Come Guadagnare 1000€ Realmente,"Sep 25, 2020",0
2020-07-22,Rj5GmhqGyGc,È Possibile RADDOPPIARE 1000€ in Pochi Mesi?! | Come Guadagnare 1000€ Realmente,"Sep 25, 2020",0
2020-07-23,Rj5GmhqGyGc,È Possibile RADDOPPIARE 1000€ in Pochi Mesi?! | Come Guadagnare 1000€ Realmente,"Sep 25, 2020",0
2020-07-24,Rj5GmhqGyGc,È Possibile RADDOPPIARE 1000€ in Pochi Mesi?! | Come Guadagnare 1000€ Realmente,"Sep 25, 2020",0
2020-07-25,Rj5GmhqGyGc,È Possibile RADDOPPIARE 1000€ in Pochi Mesi?! | Come Guadagnare 1000€ Realmente,"Sep 25, 2020",0
2020-07-26,Rj5GmhqGyGc,È Possibile RADDOPPIARE 1000€ in Pochi Mesi?! | Come Guadagnare 1000€ Realmente,"Sep 25, 2020",0
2020-07-27,Rj5GmhqGyGc,È Possibile RADDOPPIARE 1000€ in Pochi Mesi?! | Come Guadagnare 1000€ Realmente,"Sep 25, 2020",0
2020-07-28,Rj5GmhqGyGc,È Possibile RADDOPPIARE 1000€ in Pochi Mesi?! | Come Guadagnare 1000€ Realmente,"Sep 25, 2020",0
2020-07-29,Rj5GmhqGyGc,È Possibile RADDOPPIARE 1000€ in Pochi Mesi?! | Come Guadagnare 1000€ Realmente,"Sep 25, 2020",0
2020-07-30,Rj5GmhqGyGc,È Possibile RADDOPPIARE 1000€ in Pochi Mesi?! | Come Guadagnare 1000€ Realmente,"Sep 25, 2020",0
2020-07-31,Rj5GmhqGyGc,È Possibile RADDOPPIARE 1000€ in Pochi Mesi?! | Come Guadagnare 1000€ Realmente,"Sep 25, 2020",0
2020-08-01,Rj5GmhqGyGc,È Possibile RADDOPPIARE 1000€ in Pochi Mesi?! | Come Guadagnare 1000€ Realmente,"Sep 25, 2020",0
2020-08-02,Rj5GmhqGyGc,È Possibile RADDOPPIARE 1000€ in Pochi Mesi?! | Come Guadagnare 1000€ Realmente,"Sep 25, 2020",0
2020-08-03,Rj5GmhqGyGc,È Possibile RADDOPPIARE 1000€ in Pochi Mesi?! | Come Guadagnare 1000€ Realmente,"Sep 25, 2020",0
2020-08-04,Rj5GmhqGyGc,È Possibile RADDOPPIARE 1000€ in Pochi Mesi?! | Come Guadagnare 1000€ Realmente,"Sep 25, 2020",0
2020-08-05,Rj5GmhqGyGc,È Possibile RADDOPPIARE 1000€ in Pochi Mesi?! | Come Guadagnare 1000€ Realmente,"Sep 25, 2020",0
2020-08-06,Rj5GmhqGyGc,È Possibile RADDOPPIARE 1000€ in Pochi Mesi?! | Come Guadagnare 1000€ Realmente,"Sep 25, 2020",0
2020-08-07,Rj5GmhqGyGc,È Possibile RADDOPPIARE 1000€ in Pochi Mesi?! | Come Guadagnare 1000€ Realmente,"Sep 25, 2020",0
2020-08-08,Rj5GmhqGyGc,È Possibile RADDOPPIARE 1000€ in Pochi Mesi?! | Come Guadagnare 1000€ Realmente,"Sep 25, 2020",0
2020-08-09,Rj5GmhqGyGc,È Possibile RADDOPPIARE 1000€ in Pochi Mesi?! | Come Guadagnare 1000€ Realmente,"Sep 25, 2020",0
2020-08-10,Rj5GmhqGyGc,È Possibile RADDOPPIARE 1000€ in Pochi Mesi?! | Come Guadagnare 1000€ Realmente,"Sep 25, 2020",0
2020-08-11,Rj5GmhqGyGc,È Possibile RADDOPPIARE 1000€ in Pochi Mesi?! | Come Guadagnare 1000€ Realmente,"Sep 25, 2020",0
2020-08-12,Rj5GmhqGyGc,È Possibile RADDOPPIARE 1000€ in Pochi Mesi?! | Come Guadagnare 1000€ Realmente,"Sep 25, 2020",0
2020-08-13,Rj5GmhqGyGc,È Possibile RADDOPPIARE 1000€ in Pochi Mesi?! | Come Guadagnare 1000€ Realmente,"Sep 25, 2020",0
2020-08-14,Rj5GmhqGyGc,È Possibile RADDOPPIARE 1000€ in Pochi Mesi?! | Come Guadagnare 1000€ Realmente,"Sep 25, 2020",0
2020-08-15,Rj5GmhqGyGc,È Possibile RADDOPPIARE 1000€ in Pochi Mesi?! | Come Guadagnare 1000€ Realmente,"Sep 25, 2020",0
2020-08-16,Rj5GmhqGyGc,È Possibile RADDOPPIARE 1000€ in Pochi Mesi?! | Come Guadagnare 1000€ Realmente,"Sep 25, 2020",0
2020-08-17,Rj5GmhqGyGc,È Possibile RADDOPPIARE 1000€ in Pochi Mesi?! | Come Guadagnare 1000€ Realmente,"Sep 25, 2020",0
2020-08-18,Rj5GmhqGyGc,È Possibile RADDOPPIARE 1000€ in Pochi Mesi?! | Come Guadagnare 1000€ Realmente,"Sep 25, 2020",0
2020-08-19,Rj5GmhqGyGc,È Possibile RADDOPPIARE 1000€ in Pochi Mesi?! | Come Guadagnare 1000€ Realmente,"Sep 25, 2020",0
2020-08-20,Rj5GmhqGyGc,È Possibile RADDOPPIARE 1000€ in Pochi Mesi?! | Come Guadagnare 1000€ Realmente,"Sep 25, 2020",0
2020-08-21,Rj5GmhqGyGc,È Possibile RADDOPPIARE 1000€ in Pochi Mesi?! | Come Guadagnare 1000€ Realmente,"Sep 25, 2020",0
2020-08-22,Rj5GmhqGyGc,È Possibile RADDOPPIARE 1000€ in Pochi Mesi?! | Come Guadagnare 1000€ Realmente,"Sep 25, 2020",0
2020-08-23,Rj5GmhqGyGc,È Possibile RADDOPPIARE 1000€ in Pochi Mesi?! | Come Guadagnare 1000€ Realmente,"Sep 25, 2020",0
2020-08-24,Rj5GmhqGyGc,È Possibile RADDOPPIARE 1000€ in Pochi Mesi?! | Come Guadagnare 1000€ Realmente,"Sep 25, 2020",0
2020-08-25,Rj5GmhqGyGc,È Possibile RADDOPPIARE 1000€ in Pochi Mesi?! | Come Guadagnare 1000€ Realmente,"Sep 25, 2020",0
2020-08-26,Rj5GmhqGyGc,È Possibile RADDOPPIARE 1000€ in Pochi Mesi?! | Come Guadagnare 1000€ Realmente,"Sep 25, 2020",0
2020-08-27,Rj5GmhqGyGc,È Possibile RADDOPPIARE 1000€ in Pochi Mesi?! | Come Guadagnare 1000€ Realmente,"Sep 25, 2020",0
2020-08-28,Rj5GmhqGyGc,È Possibile RADDOPPIARE 1000€ in Pochi Mesi?! | Come Guadagnare 1000€ Realmente,"Sep 25, 2020",0
2020-08-29,Rj5GmhqGyGc,È Possibile RADDOPPIARE 1000€ in Pochi Mesi?! | Come Guadagnare 1000€ Realmente,"Sep 25, 2020",0
2020-08-30,Rj5GmhqGyGc,È Possibile RADDOPPIARE 1000€ in Pochi Mesi?! | Come Guadagnare 1000€ Realmente,"Sep 25, 2020",0
2020-08-31,Rj5GmhqGyGc,È Possibile RADDOPPIARE 1000€ in Pochi Mesi?! | Come Guadagnare 1000€ Realmente,"Sep 25, 2020",0
2020-09-01,Rj5GmhqGyGc,È Possibile RADDOPPIARE 1000€ in Pochi Mesi?! | Come Guadagnare 1000€ Realmente,"Sep 25, 2020",0
2020-09-02,Rj5GmhqGyGc,È Possibile RADDOPPIARE 1000€ in Pochi Mesi?! | Come Guadagnare 1000€ Realmente,"Sep 25, 2020",0
2020-09-03,Rj5GmhqGyGc,È Possibile RADDOPPIARE 1000€ in Pochi Mesi?! | Come Guadagnare 1000€ Realmente,"Sep 25, 2020",0
2020-09-04,Rj5GmhqGyGc,È Possibile RADDOPPIARE 1000€ in Pochi Mesi?! | Come Guadagnare 1000€ Realmente,"Sep 25, 2020",0
2020-09-05,Rj5GmhqGyGc,È Possibile RADDOPPIARE 1000€ in Pochi Mesi?! | Come Guadagnare 1000€ Realmente,"Sep 25, 2020",0
2020-09-06,Rj5GmhqGyGc,È Possibile RADDOPPIARE 1000€ in Pochi Mesi?! | Come Guadagnare 1000€ Realmente,"Sep 25, 2020",0
2020-09-07,Rj5GmhqGyGc,È Possibile RADDOPPIARE 1000€ in Pochi Mesi?! | Come Guadagnare 1000€ Realmente,"Sep 25, 2020",0
2020-09-08,Rj5GmhqGyGc,È Possibile RADDOPPIARE 1000€ in Pochi Mesi?! | Come Guadagnare 1000€ Realmente,"Sep 25, 2020",0
2020-09-09,Rj5GmhqGyGc,È Possibile RADDOPPIARE 1000€ in Pochi Mesi?! | Come Guadagnare 1000€ Realmente,"Sep 25, 2020",0
2020-09-10,Rj5GmhqGyGc,È Possibile RADDOPPIARE 1000€ in Pochi Mesi?! | Come Guadagnare 1000€ Realmente,"Sep 25, 2020",0
2020-09-11,Rj5GmhqGyGc,È Possibile RADDOPPIARE 1000€ in Pochi Mesi?! | Come Guadagnare 1000€ Realmente,"Sep 25, 2020",0
2020-09-12,Rj5GmhqGyGc,È Possibile RADDOPPIARE 1000€ in Pochi Mesi?! | Come Guadagnare 1000€ Realmente,"Sep 25, 2020",0
2020-09-13,Rj5GmhqGyGc,È Possibile RADDOPPIARE 1000€ in Pochi Mesi?! | Come Guadagnare 1000€ Realmente,"Sep 25, 2020",0
2020-09-14,Rj5GmhqGyGc,È Possibile RADDOPPIARE 1000€ in Pochi Mesi?! | Come Guadagnare 1000€ Realmente,"Sep 25, 2020",0
2020-09-15,Rj5GmhqGyGc,È Possibile RADDOPPIARE 1000€ in Pochi Mesi?! | Come Guadagnare 1000€ Realmente,"Sep 25, 2020",0
2020-09-16,Rj5GmhqGyGc,È Possibile RADDOPPIARE 1000€ in Pochi Mesi?! | Come Guadagnare 1000€ Realmente,"Sep 25, 2020",0
2020-09-17,Rj5GmhqGyGc,È Possibile RADDOPPIARE 1000€ in Pochi Mesi?! | Come Guadagnare 1000€ Realmente,"Sep 25, 2020",0
2020-09-18,Rj5GmhqGyGc,È Possibile RADDOPPIARE 1000€ in Pochi Mesi?! | Come Guadagnare 1000€ Realmente,"Sep 25, 2020",0
2020-09-19,Rj5GmhqGyGc,È Possibile RADDOPPIARE 1000€ in Pochi Mesi?! | Come Guadagnare 1000€ Realmente,"Sep 25, 2020",0
2020-09-20,Rj5GmhqGyGc,È Possibile RADDOPPIARE 1000€ in Pochi Mesi?! | Come Guadagnare 1000€ Realmente,"Sep 25, 2020",0
2020-09-21,Rj5GmhqGyGc,È Possibile RADDOPPIARE 1000€ in Pochi Mesi?! | Come Guadagnare 1000€ Realmente,"Sep 25, 2020",0
2020-09-22,Rj5GmhqGyGc,È Possibile RADDOPPIARE 1000€ in Pochi Mesi?! | Come Guadagnare 1000€ Realmente,"Sep 25, 2020",0
2020-09-23,Rj5GmhqGyGc,È Possibile RADDOPPIARE 1000€ in Pochi Mesi?! | Come Guadagnare 1000€ Realmente,"Sep 25, 2020",0
2020-09-24,Rj5GmhqGyGc,È Possibile RADDOPPIARE 1000€ in Pochi Mesi?! | Come Guadagnare 1000€ Realmente,"Sep 25, 2020",0
2020-09-25,Rj5GmhqGyGc,È Possibile RADDOPPIARE 1000€ in Pochi Mesi?! | Come Guadagnare 1000€ Realmente,"Sep 25, 2020",2
2020-09-26,Rj5GmhqGyGc,È Possibile RADDOPPIARE 1000€ in Pochi Mesi?! | Come Guadagnare 1000€ Realmente,"Sep 25, 2020",0
2020-09-27,Rj5GmhqGyGc,È Possibile RADDOPPIARE 1000€ in Pochi Mesi?! | Come Guadagnare 1000€ Realmente,"Sep 25, 2020",0
2020-09-28,Rj5GmhqGyGc,È Possibile RADDOPPIARE 1000€ in Pochi Mesi?! | Come Guadagnare 1000€ Realmente,"Sep 25, 2020",0
2020-09-29,Rj5GmhqGyGc,È Possibile RADDOPPIARE 1000€ in Pochi Mesi?! | Come Guadagnare 1000€ Realmente,"Sep 25, 2020",0
2020-09-30,Rj5GmhqGyGc,È Possibile RADDOPPIARE 1000€ in Pochi Mesi?! | Come Guadagnare 1000€ Realmente,"Sep 25, 2020",0
2020-10-01,Rj5GmhqGyGc,È Possibile RADDOPPIARE 1000€ in Pochi Mesi?! | Come Guadagnare 1000€ Realmente,"Sep 25, 2020",0
2020-10-02,Rj5GmhqGyGc,È Possibile RADDOPPIARE 1000€ in Pochi Mesi?! | Come Guadagnare 1000€ Realmente,"Sep 25, 2020",0
2020-10-03,Rj5GmhqGyGc,È Possibile RADDOPPIARE 1000€ in Pochi Mesi?! | Come Guadagnare 1000€ Realmente,"Sep 25, 2020",0
2020-10-04,Rj5GmhqGyGc,È Possibile RADDOPPIARE 1000€ in Pochi Mesi?! | Come Guadagnare 1000€ Realmente,"Sep 25, 2020",0
2020-10-05,Rj5GmhqGyGc,È Possibile RADDOPPIARE 1000€ in Pochi Mesi?! | Come Guadagnare 1000€ Realmente,"Sep 25, 2020",0
2020-10-06,Rj5GmhqGyGc,È Possibile RADDOPPIARE 1000€ in Pochi Mesi?! | Come Guadagnare 1000€ Realmente,"Sep 25, 2020",0
2020-10-07,Rj5GmhqGyGc,È Possibile RADDOPPIARE 1000€ in Pochi Mesi?! | Come Guadagnare 1000€ Realmente,"Sep 25, 2020",0
2020-10-08,Rj5GmhqGyGc,È Possibile RADDOPPIARE 1000€ in Pochi Mesi?! | Come Guadagnare 1000€ Realmente,"Sep 25, 2020",0
2020-10-09,Rj5GmhqGyGc,È Possibile RADDOPPIARE 1000€ in Pochi Mesi?! | Come Guadagnare 1000€ Realmente,"Sep 25, 2020",0
2020-10-10,Rj5GmhqGyGc,È Possibile RADDOPPIARE 1000€ in Pochi Mesi?! | Come Guadagnare 1000€ Realmente,"Sep 25, 2020",0
2020-10-11,Rj5GmhqGyGc,È Possibile RADDOPPIARE 1000€ in Pochi Mesi?! | Come Guadagnare 1000€ Realmente,"Sep 25, 2020",0
2020-10-12,Rj5GmhqGyGc,È Possibile RADDOPPIARE 1000€ in Pochi Mesi?! | Come Guadagnare 1000€ Realmente,"Sep 25, 2020",0
2020-10-13,Rj5GmhqGyGc,È Possibile RADDOPPIARE 1000€ in Pochi Mesi?! | Come Guadagnare 1000€ Realmente,"Sep 25, 2020",0
2020-10-14,Rj5GmhqGyGc,È Possibile RADDOPPIARE 1000€ in Pochi Mesi?! | Come Guadagnare 1000€ Realmente,"Sep 25, 2020",0
2020-10-15,Rj5GmhqGyGc,È Possibile RADDOPPIARE 1000€ in Pochi Mesi?! | Come Guadagnare 1000€ Realmente,"Sep 25, 2020",1
2020-10-16,Rj5GmhqGyGc,È Possibile RADDOPPIARE 1000€ in Pochi Mesi?! | Come Guadagnare 1000€ Realmente,"Sep 25, 2020",0
2020-10-17,Rj5GmhqGyGc,È Possibile RADDOPPIARE 1000€ in Pochi Mesi?! | Come Guadagnare 1000€ Realmente,"Sep 25, 2020",0
2020-10-18,Rj5GmhqGyGc,È Possibile RADDOPPIARE 1000€ in Pochi Mesi?! | Come Guadagnare 1000€ Realmente,"Sep 25, 2020",1
2020-10-19,Rj5GmhqGyGc,È Possibile RADDOPPIARE 1000€ in Pochi Mesi?! | Come Guadagnare 1000€ Realmente,"Sep 25, 2020",0
2020-10-20,Rj5GmhqGyGc,È Possibile RADDOPPIARE 1000€ in Pochi Mesi?! | Come Guadagnare 1000€ Realmente,"Sep 25, 2020",0
2020-10-21,Rj5GmhqGyGc,È Possibile RADDOPPIARE 1000€ in Pochi Mesi?! | Come Guadagnare 1000€ Realmente,"Sep 25, 2020",0
2020-10-22,Rj5GmhqGyGc,È Possibile RADDOPPIARE 1000€ in Pochi Mesi?! | Come Guadagnare 1000€ Realmente,"Sep 25, 2020",0
2020-10-23,Rj5GmhqGyGc,È Possibile RADDOPPIARE 1000€ in Pochi Mesi?! | Come Guadagnare 1000€ Realmente,"Sep 25, 2020",0
2020-10-24,Rj5GmhqGyGc,È Possibile RADDOPPIARE 1000€ in Pochi Mesi?! | Come Guadagnare 1000€ Realmente,"Sep 25, 2020",0
2020-10-25,Rj5GmhqGyGc,È Possibile RADDOPPIARE 1000€ in Pochi Mesi?! | Come Guadagnare 1000€ Realmente,"Sep 25, 2020",0
2020-10-26,Rj5GmhqGyGc,È Possibile RADDOPPIARE 1000€ in Pochi Mesi?! | Come Guadagnare 1000€ Realmente,"Sep 25, 2020",0
2020-10-27,Rj5GmhqGyGc,È Possibile RADDOPPIARE 1000€ in Pochi Mesi?! | Come Guadagnare 1000€ Realmente,"Sep 25, 2020",0
2020-10-28,Rj5GmhqGyGc,È Possibile RADDOPPIARE 1000€ in Pochi Mesi?! | Come Guadagnare 1000€ Realmente,"Sep 25, 2020",0
2020-10-29,Rj5GmhqGyGc,È Possibile RADDOPPIARE 1000€ in Pochi Mesi?! | Come Guadagnare 1000€ Realmente,"Sep 25, 2020",0
2020-10-30,Rj5GmhqGyGc,È Possibile RADDOPPIARE 1000€ in Pochi Mesi?! | Come Guadagnare 1000€ Realmente,"Sep 25, 2020",0
2020-10-31,Rj5GmhqGyGc,È Possibile RADDOPPIARE 1000€ in Pochi Mesi?! | Come Guadagnare 1000€ Realmente,"Sep 25, 2020",0
2020-11-01,Rj5GmhqGyGc,È Possibile RADDOPPIARE 1000€ in Pochi Mesi?! | Come Guadagnare 1000€ Realmente,"Sep 25, 2020",0
2020-11-02,Rj5GmhqGyGc,È Possibile RADDOPPIARE 1000€ in Pochi Mesi?! | Come Guadagnare 1000€ Realmente,"Sep 25, 2020",1
2020-11-03,Rj5GmhqGyGc,È Possibile RADDOPPIARE 1000€ in Pochi Mesi?! | Come Guadagnare 1000€ Realmente,"Sep 25, 2020",0
2020-11-04,Rj5GmhqGyGc,È Possibile RADDOPPIARE 1000€ in Pochi Mesi?! | Come Guadagnare 1000€ Realmente,"Sep 25, 2020",0
2020-11-05,Rj5GmhqGyGc,È Possibile RADDOPPIARE 1000€ in Pochi Mesi?! | Come Guadagnare 1000€ Realmente,"Sep 25, 2020",0
2020-11-06,Rj5GmhqGyGc,È Possibile RADDOPPIARE 1000€ in Pochi Mesi?! | Come Guadagnare 1000€ Realmente,"Sep 25, 2020",0
2020-11-07,Rj5GmhqGyGc,È Possibile RADDOPPIARE 1000€ in Pochi Mesi?! | Come Guadagnare 1000€ Realmente,"Sep 25, 2020",0
2020-11-08,Rj5GmhqGyGc,È Possibile RADDOPPIARE 1000€ in Pochi Mesi?! | Come Guadagnare 1000€ Realmente,"Sep 25, 2020",0
2020-11-09,Rj5GmhqGyGc,È Possibile RADDOPPIARE 1000€ in Pochi Mesi?! | Come Guadagnare 1000€ Realmente,"Sep 25, 2020",0
2020-11-10,Rj5GmhqGyGc,È Possibile RADDOPPIARE 1000€ in Pochi Mesi?! | Come Guadagnare 1000€ Realmente,"Sep 25, 2020",0
2020-11-11,Rj5GmhqGyGc,È Possibile RADDOPPIARE 1000€ in Pochi Mesi?! | Come Guadagnare 1000€ Realmente,"Sep 25, 2020",0
2020-11-12,Rj5GmhqGyGc,È Possibile RADDOPPIARE 1000€ in Pochi Mesi?! | Come Guadagnare 1000€ Realmente,"Sep 25, 2020",0
2020-11-13,Rj5GmhqGyGc,È Possibile RADDOPPIARE 1000€ in Pochi Mesi?! | Come Guadagnare 1000€ Realmente,"Sep 25, 2020",0
2020-11-14,Rj5GmhqGyGc,È Possibile RADDOPPIARE 1000€ in Pochi Mesi?! | Come Guadagnare 1000€ Realmente,"Sep 25, 2020",0
2020-11-15,Rj5GmhqGyGc,È Possibile RADDOPPIARE 1000€ in Pochi Mesi?! | Come Guadagnare 1000€ Realmente,"Sep 25, 2020",0
2020-11-16,Rj5GmhqGyGc,È Possibile RADDOPPIARE 1000€ in Pochi Mesi?! | Come Guadagnare 1000€ Realmente,"Sep 25, 2020",0
2020-11-17,Rj5GmhqGyGc,È Possibile RADDOPPIARE 1000€ in Pochi Mesi?! | Come Guadagnare 1000€ Realmente,"Sep 25, 2020",0
2020-11-18,Rj5GmhqGyGc,È Possibile RADDOPPIARE 1000€ in Pochi Mesi?! | Come Guadagnare 1000€ Realmente,"Sep 25, 2020",0
2020-11-19,Rj5GmhqGyGc,È Possibile RADDOPPIARE 1000€ in Pochi Mesi?! | Come Guadagnare 1000€ Realmente,"Sep 25, 2020",0
2020-11-20,Rj5GmhqGyGc,È Possibile RADDOPPIARE 1000€ in Pochi Mesi?! | Come Guadagnare 1000€ Realmente,"Sep 25, 2020",0
2020-11-21,Rj5GmhqGyGc,È Possibile RADDOPPIARE 1000€ in Pochi Mesi?! | Come Guadagnare 1000€ Realmente,"Sep 25, 2020",0
2020-11-22,Rj5GmhqGyGc,È Possibile RADDOPPIARE 1000€ in Pochi Mesi?! | Come Guadagnare 1000€ Realmente,"Sep 25, 2020",0
2020-11-23,Rj5GmhqGyGc,È Possibile RADDOPPIARE 1000€ in Pochi Mesi?! | Come Guadagnare 1000€ Realmente,"Sep 25, 2020",0
2020-11-24,Rj5GmhqGyGc,È Possibile RADDOPPIARE 1000€ in Pochi Mesi?! | Come Guadagnare 1000€ Realmente,"Sep 25, 2020",0
2020-11-25,Rj5GmhqGyGc,È Possibile RADDOPPIARE 1000€ in Pochi Mesi?! | Come Guadagnare 1000€ Realmente,"Sep 25, 2020",0
2020-11-26,Rj5GmhqGyGc,È Possibile RADDOPPIARE 1000€ in Pochi Mesi?! | Come Guadagnare 1000€ Realmente,"Sep 25, 2020",0
2020-11-27,Rj5GmhqGyGc,È Possibile RADDOPPIARE 1000€ in Pochi Mesi?! | Come Guadagnare 1000€ Realmente,"Sep 25, 2020",0
2020-11-28,Rj5GmhqGyGc,È Possibile RADDOPPIARE 1000€ in Pochi Mesi?! | Come Guadagnare 1000€ Realmente,"Sep 25, 2020",0
2020-11-29,Rj5GmhqGyGc,È Possibile RADDOPPIARE 1000€ in Pochi Mesi?! | Come Guadagnare 1000€ Realmente,"Sep 25, 2020",0
2020-11-30,Rj5GmhqGyGc,È Possibile RADDOPPIARE 1000€ in Pochi Mesi?! | Come Guadagnare 1000€ Realmente,"Sep 25, 2020",0
2020-12-01,Rj5GmhqGyGc,È Possibile RADDOPPIARE 1000€ in Pochi Mesi?! | Come Guadagnare 1000€ Realmente,"Sep 25, 2020",0
2020-12-02,Rj5GmhqGyGc,È Possibile RADDOPPIARE 1000€ in Pochi Mesi?! | Come Guadagnare 1000€ Realmente,"Sep 25, 2020",0
2020-12-03,Rj5GmhqGyGc,È Possibile RADDOPPIARE 1000€ in Pochi Mesi?! | Come Guadagnare 1000€ Realmente,"Sep 25, 2020",0
2020-12-04,Rj5GmhqGyGc,È Possibile RADDOPPIARE 1000€ in Pochi Mesi?! | Come Guadagnare 1000€ Realmente,"Sep 25, 2020",0
2020-12-05,Rj5GmhqGyGc,È Possibile RADDOPPIARE 1000€ in Pochi Mesi?! | Come Guadagnare 1000€ Realmente,"Sep 25, 2020",0
2020-12-06,Rj5GmhqGyGc,È Possibile RADDOPPIARE 1000€ in Pochi Mesi?! | Come Guadagnare 1000€ Realmente,"Sep 25, 2020",0
2020-12-07,Rj5GmhqGyGc,È Possibile RADDOPPIARE 1000€ in Pochi Mesi?! | Come Guadagnare 1000€ Realmente,"Sep 25, 2020",0
2020-12-08,Rj5GmhqGyGc,È Possibile RADDOPPIARE 1000€ in Pochi Mesi?! | Come Guadagnare 1000€ Realmente,"Sep 25, 2020",0
2020-12-09,Rj5GmhqGyGc,È Possibile RADDOPPIARE 1000€ in Pochi Mesi?! | Come Guadagnare 1000€ Realmente,"Sep 25, 2020",0
2020-12-10,Rj5GmhqGyGc,È Possibile RADDOPPIARE 1000€ in Pochi Mesi?! | Come Guadagnare 1000€ Realmente,"Sep 25, 2020",0
2020-12-11,Rj5GmhqGyGc,È Possibile RADDOPPIARE 1000€ in Pochi Mesi?! | Come Guadagnare 1000€ Realmente,"Sep 25, 2020",0
2020-04-01,fW6HVXOQ5lk,Chi Vincerà le ELEZIONI?? E Cosa Succederà ai MERCATI Dopo?,"Nov 2, 2020",0
2020-04-02,fW6HVXOQ5lk,Chi Vincerà le ELEZIONI?? E Cosa Succederà ai MERCATI Dopo?,"Nov 2, 2020",0
2020-04-03,fW6HVXOQ5lk,Chi Vincerà le ELEZIONI?? E Cosa Succederà ai MERCATI Dopo?,"Nov 2, 2020",0
2020-04-04,fW6HVXOQ5lk,Chi Vincerà le ELEZIONI?? E Cosa Succederà ai MERCATI Dopo?,"Nov 2, 2020",0
2020-04-05,fW6HVXOQ5lk,Chi Vincerà le ELEZIONI?? E Cosa Succederà ai MERCATI Dopo?,"Nov 2, 2020",0
2020-04-06,fW6HVXOQ5lk,Chi Vincerà le ELEZIONI?? E Cosa Succederà ai MERCATI Dopo?,"Nov 2, 2020",0
2020-04-07,fW6HVXOQ5lk,Chi Vincerà le ELEZIONI?? E Cosa Succederà ai MERCATI Dopo?,"Nov 2, 2020",0
2020-04-08,fW6HVXOQ5lk,Chi Vincerà le ELEZIONI?? E Cosa Succederà ai MERCATI Dopo?,"Nov 2, 2020",0
2020-04-09,fW6HVXOQ5lk,Chi Vincerà le ELEZIONI?? E Cosa Succederà ai MERCATI Dopo?,"Nov 2, 2020",0
2020-04-10,fW6HVXOQ5lk,Chi Vincerà le ELEZIONI?? E Cosa Succederà ai MERCATI Dopo?,"Nov 2, 2020",0
2020-04-11,fW6HVXOQ5lk,Chi Vincerà le ELEZIONI?? E Cosa Succederà ai MERCATI Dopo?,"Nov 2, 2020",0
2020-04-12,fW6HVXOQ5lk,Chi Vincerà le ELEZIONI?? E Cosa Succederà ai MERCATI Dopo?,"Nov 2, 2020",0
2020-04-13,fW6HVXOQ5lk,Chi Vincerà le ELEZIONI?? E Cosa Succederà ai MERCATI Dopo?,"Nov 2, 2020",0
2020-04-14,fW6HVXOQ5lk,Chi Vincerà le ELEZIONI?? E Cosa Succederà ai MERCATI Dopo?,"Nov 2, 2020",0
2020-04-15,fW6HVXOQ5lk,Chi Vincerà le ELEZIONI?? E Cosa Succederà ai MERCATI Dopo?,"Nov 2, 2020",0
2020-04-16,fW6HVXOQ5lk,Chi Vincerà le ELEZIONI?? E Cosa Succederà ai MERCATI Dopo?,"Nov 2, 2020",0
2020-04-17,fW6HVXOQ5lk,Chi Vincerà le ELEZIONI?? E Cosa Succederà ai MERCATI Dopo?,"Nov 2, 2020",0
2020-04-18,fW6HVXOQ5lk,Chi Vincerà le ELEZIONI?? E Cosa Succederà ai MERCATI Dopo?,"Nov 2, 2020",0
2020-04-19,fW6HVXOQ5lk,Chi Vincerà le ELEZIONI?? E Cosa Succederà ai MERCATI Dopo?,"Nov 2, 2020",0
2020-04-20,fW6HVXOQ5lk,Chi Vincerà le ELEZIONI?? E Cosa Succederà ai MERCATI Dopo?,"Nov 2, 2020",0
2020-04-21,fW6HVXOQ5lk,Chi Vincerà le ELEZIONI?? E Cosa Succederà ai MERCATI Dopo?,"Nov 2, 2020",0
2020-04-22,fW6HVXOQ5lk,Chi Vincerà le ELEZIONI?? E Cosa Succederà ai MERCATI Dopo?,"Nov 2, 2020",0
2020-04-23,fW6HVXOQ5lk,Chi Vincerà le ELEZIONI?? E Cosa Succederà ai MERCATI Dopo?,"Nov 2, 2020",0
2020-04-24,fW6HVXOQ5lk,Chi Vincerà le ELEZIONI?? E Cosa Succederà ai MERCATI Dopo?,"Nov 2, 2020",0
2020-04-25,fW6HVXOQ5lk,Chi Vincerà le ELEZIONI?? E Cosa Succederà ai MERCATI Dopo?,"Nov 2, 2020",0
2020-04-26,fW6HVXOQ5lk,Chi Vincerà le ELEZIONI?? E Cosa Succederà ai MERCATI Dopo?,"Nov 2, 2020",0
2020-04-27,fW6HVXOQ5lk,Chi Vincerà le ELEZIONI?? E Cosa Succederà ai MERCATI Dopo?,"Nov 2, 2020",0
2020-04-28,fW6HVXOQ5lk,Chi Vincerà le ELEZIONI?? E Cosa Succederà ai MERCATI Dopo?,"Nov 2, 2020",0
2020-04-29,fW6HVXOQ5lk,Chi Vincerà le ELEZIONI?? E Cosa Succederà ai MERCATI Dopo?,"Nov 2, 2020",0
2020-04-30,fW6HVXOQ5lk,Chi Vincerà le ELEZIONI?? E Cosa Succederà ai MERCATI Dopo?,"Nov 2, 2020",0
2020-05-01,fW6HVXOQ5lk,Chi Vincerà le ELEZIONI?? E Cosa Succederà ai MERCATI Dopo?,"Nov 2, 2020",0
2020-05-02,fW6HVXOQ5lk,Chi Vincerà le ELEZIONI?? E Cosa Succederà ai MERCATI Dopo?,"Nov 2, 2020",0
2020-05-03,fW6HVXOQ5lk,Chi Vincerà le ELEZIONI?? E Cosa Succederà ai MERCATI Dopo?,"Nov 2, 2020",0
2020-05-04,fW6HVXOQ5lk,Chi Vincerà le ELEZIONI?? E Cosa Succederà ai MERCATI Dopo?,"Nov 2, 2020",0
2020-05-05,fW6HVXOQ5lk,Chi Vincerà le ELEZIONI?? E Cosa Succederà ai MERCATI Dopo?,"Nov 2, 2020",0
2020-05-06,fW6HVXOQ5lk,Chi Vincerà le ELEZIONI?? E Cosa Succederà ai MERCATI Dopo?,"Nov 2, 2020",0
2020-05-07,fW6HVXOQ5lk,Chi Vincerà le ELEZIONI?? E Cosa Succederà ai MERCATI Dopo?,"Nov 2, 2020",0
2020-05-08,fW6HVXOQ5lk,Chi Vincerà le ELEZIONI?? E Cosa Succederà ai MERCATI Dopo?,"Nov 2, 2020",0
2020-05-09,fW6HVXOQ5lk,Chi Vincerà le ELEZIONI?? E Cosa Succederà ai MERCATI Dopo?,"Nov 2, 2020",0
2020-05-10,fW6HVXOQ5lk,Chi Vincerà le ELEZIONI?? E Cosa Succederà ai MERCATI Dopo?,"Nov 2, 2020",0
2020-05-11,fW6HVXOQ5lk,Chi Vincerà le ELEZIONI?? E Cosa Succederà ai MERCATI Dopo?,"Nov 2, 2020",0
2020-05-12,fW6HVXOQ5lk,Chi Vincerà le ELEZIONI?? E Cosa Succederà ai MERCATI Dopo?,"Nov 2, 2020",0
2020-05-13,fW6HVXOQ5lk,Chi Vincerà le ELEZIONI?? E Cosa Succederà ai MERCATI Dopo?,"Nov 2, 2020",0
2020-05-14,fW6HVXOQ5lk,Chi Vincerà le ELEZIONI?? E Cosa Succederà ai MERCATI Dopo?,"Nov 2, 2020",0
2020-05-15,fW6HVXOQ5lk,Chi Vincerà le ELEZIONI?? E Cosa Succederà ai MERCATI Dopo?,"Nov 2, 2020",0
2020-05-16,fW6HVXOQ5lk,Chi Vincerà le ELEZIONI?? E Cosa Succederà ai MERCATI Dopo?,"Nov 2, 2020",0
2020-05-17,fW6HVXOQ5lk,Chi Vincerà le ELEZIONI?? E Cosa Succederà ai MERCATI Dopo?,"Nov 2, 2020",0
2020-05-18,fW6HVXOQ5lk,Chi Vincerà le ELEZIONI?? E Cosa Succederà ai MERCATI Dopo?,"Nov 2, 2020",0
2020-05-19,fW6HVXOQ5lk,Chi Vincerà le ELEZIONI?? E Cosa Succederà ai MERCATI Dopo?,"Nov 2, 2020",0
2020-05-20,fW6HVXOQ5lk,Chi Vincerà le ELEZIONI?? E Cosa Succederà ai MERCATI Dopo?,"Nov 2, 2020",0
2020-05-21,fW6HVXOQ5lk,Chi Vincerà le ELEZIONI?? E Cosa Succederà ai MERCATI Dopo?,"Nov 2, 2020",0
2020-05-22,fW6HVXOQ5lk,Chi Vincerà le ELEZIONI?? E Cosa Succederà ai MERCATI Dopo?,"Nov 2, 2020",0
2020-05-23,fW6HVXOQ5lk,Chi Vincerà le ELEZIONI?? E Cosa Succederà ai MERCATI Dopo?,"Nov 2, 2020",0
2020-05-24,fW6HVXOQ5lk,Chi Vincerà le ELEZIONI?? E Cosa Succederà ai MERCATI Dopo?,"Nov 2, 2020",0
2020-05-25,fW6HVXOQ5lk,Chi Vincerà le ELEZIONI?? E Cosa Succederà ai MERCATI Dopo?,"Nov 2, 2020",0
2020-05-26,fW6HVXOQ5lk,Chi Vincerà le ELEZIONI?? E Cosa Succederà ai MERCATI Dopo?,"Nov 2, 2020",0
2020-05-27,fW6HVXOQ5lk,Chi Vincerà le ELEZIONI?? E Cosa Succederà ai MERCATI Dopo?,"Nov 2, 2020",0
2020-05-28,fW6HVXOQ5lk,Chi Vincerà le ELEZIONI?? E Cosa Succederà ai MERCATI Dopo?,"Nov 2, 2020",0
2020-05-29,fW6HVXOQ5lk,Chi Vincerà le ELEZIONI?? E Cosa Succederà ai MERCATI Dopo?,"Nov 2, 2020",0
2020-05-30,fW6HVXOQ5lk,Chi Vincerà le ELEZIONI?? E Cosa Succederà ai MERCATI Dopo?,"Nov 2, 2020",0
2020-05-31,fW6HVXOQ5lk,Chi Vincerà le ELEZIONI?? E Cosa Succederà ai MERCATI Dopo?,"Nov 2, 2020",0
2020-06-01,fW6HVXOQ5lk,Chi Vincerà le ELEZIONI?? E Cosa Succederà ai MERCATI Dopo?,"Nov 2, 2020",0
2020-06-02,fW6HVXOQ5lk,Chi Vincerà le ELEZIONI?? E Cosa Succederà ai MERCATI Dopo?,"Nov 2, 2020",0
2020-06-03,fW6HVXOQ5lk,Chi Vincerà le ELEZIONI?? E Cosa Succederà ai MERCATI Dopo?,"Nov 2, 2020",0
2020-06-04,fW6HVXOQ5lk,Chi Vincerà le ELEZIONI?? E Cosa Succederà ai MERCATI Dopo?,"Nov 2, 2020",0
2020-06-05,fW6HVXOQ5lk,Chi Vincerà le ELEZIONI?? E Cosa Succederà ai MERCATI Dopo?,"Nov 2, 2020",0
2020-06-06,fW6HVXOQ5lk,Chi Vincerà le ELEZIONI?? E Cosa Succederà ai MERCATI Dopo?,"Nov 2, 2020",0
2020-06-07,fW6HVXOQ5lk,Chi Vincerà le ELEZIONI?? E Cosa Succederà ai MERCATI Dopo?,"Nov 2, 2020",0
2020-06-08,fW6HVXOQ5lk,Chi Vincerà le ELEZIONI?? E Cosa Succederà ai MERCATI Dopo?,"Nov 2, 2020",0
2020-06-09,fW6HVXOQ5lk,Chi Vincerà le ELEZIONI?? E Cosa Succederà ai MERCATI Dopo?,"Nov 2, 2020",0
2020-06-10,fW6HVXOQ5lk,Chi Vincerà le ELEZIONI?? E Cosa Succederà ai MERCATI Dopo?,"Nov 2, 2020",0
2020-06-11,fW6HVXOQ5lk,Chi Vincerà le ELEZIONI?? E Cosa Succederà ai MERCATI Dopo?,"Nov 2, 2020",0
2020-06-12,fW6HVXOQ5lk,Chi Vincerà le ELEZIONI?? E Cosa Succederà ai MERCATI Dopo?,"Nov 2, 2020",0
2020-06-13,fW6HVXOQ5lk,Chi Vincerà le ELEZIONI?? E Cosa Succederà ai MERCATI Dopo?,"Nov 2, 2020",0
2020-06-14,fW6HVXOQ5lk,Chi Vincerà le ELEZIONI?? E Cosa Succederà ai MERCATI Dopo?,"Nov 2, 2020",0
2020-06-15,fW6HVXOQ5lk,Chi Vincerà le ELEZIONI?? E Cosa Succederà ai MERCATI Dopo?,"Nov 2, 2020",0
2020-06-16,fW6HVXOQ5lk,Chi Vincerà le ELEZIONI?? E Cosa Succederà ai MERCATI Dopo?,"Nov 2, 2020",0
2020-06-17,fW6HVXOQ5lk,Chi Vincerà le ELEZIONI?? E Cosa Succederà ai MERCATI Dopo?,"Nov 2, 2020",0
2020-06-18,fW6HVXOQ5lk,Chi Vincerà le ELEZIONI?? E Cosa Succederà ai MERCATI Dopo?,"Nov 2, 2020",0
2020-06-19,fW6HVXOQ5lk,Chi Vincerà le ELEZIONI?? E Cosa Succederà ai MERCATI Dopo?,"Nov 2, 2020",0
2020-06-20,fW6HVXOQ5lk,Chi Vincerà le ELEZIONI?? E Cosa Succederà ai MERCATI Dopo?,"Nov 2, 2020",0
2020-06-21,fW6HVXOQ5lk,Chi Vincerà le ELEZIONI?? E Cosa Succederà ai MERCATI Dopo?,"Nov 2, 2020",0
2020-06-22,fW6HVXOQ5lk,Chi Vincerà le ELEZIONI?? E Cosa Succederà ai MERCATI Dopo?,"Nov 2, 2020",0
2020-06-23,fW6HVXOQ5lk,Chi Vincerà le ELEZIONI?? E Cosa Succederà ai MERCATI Dopo?,"Nov 2, 2020",0
2020-06-24,fW6HVXOQ5lk,Chi Vincerà le ELEZIONI?? E Cosa Succederà ai MERCATI Dopo?,"Nov 2, 2020",0
2020-06-25,fW6HVXOQ5lk,Chi Vincerà le ELEZIONI?? E Cosa Succederà ai MERCATI Dopo?,"Nov 2, 2020",0
2020-06-26,fW6HVXOQ5lk,Chi Vincerà le ELEZIONI?? E Cosa Succederà ai MERCATI Dopo?,"Nov 2, 2020",0
2020-06-27,fW6HVXOQ5lk,Chi Vincerà le ELEZIONI?? E Cosa Succederà ai MERCATI Dopo?,"Nov 2, 2020",0
2020-06-28,fW6HVXOQ5lk,Chi Vincerà le ELEZIONI?? E Cosa Succederà ai MERCATI Dopo?,"Nov 2, 2020",0
2020-06-29,fW6HVXOQ5lk,Chi Vincerà le ELEZIONI?? E Cosa Succederà ai MERCATI Dopo?,"Nov 2, 2020",0
2020-06-30,fW6HVXOQ5lk,Chi Vincerà le ELEZIONI?? E Cosa Succederà ai MERCATI Dopo?,"Nov 2, 2020",0
2020-07-01,fW6HVXOQ5lk,Chi Vincerà le ELEZIONI?? E Cosa Succederà ai MERCATI Dopo?,"Nov 2, 2020",0
2020-07-02,fW6HVXOQ5lk,Chi Vincerà le ELEZIONI?? E Cosa Succederà ai MERCATI Dopo?,"Nov 2, 2020",0
2020-07-03,fW6HVXOQ5lk,Chi Vincerà le ELEZIONI?? E Cosa Succederà ai MERCATI Dopo?,"Nov 2, 2020",0
2020-07-04,fW6HVXOQ5lk,Chi Vincerà le ELEZIONI?? E Cosa Succederà ai MERCATI Dopo?,"Nov 2, 2020",0
2020-07-05,fW6HVXOQ5lk,Chi Vincerà le ELEZIONI?? E Cosa Succederà ai MERCATI Dopo?,"Nov 2, 2020",0
2020-07-06,fW6HVXOQ5lk,Chi Vincerà le ELEZIONI?? E Cosa Succederà ai MERCATI Dopo?,"Nov 2, 2020",0
2020-07-07,fW6HVXOQ5lk,Chi Vincerà le ELEZIONI?? E Cosa Succederà ai MERCATI Dopo?,"Nov 2, 2020",0
2020-07-08,fW6HVXOQ5lk,Chi Vincerà le ELEZIONI?? E Cosa Succederà ai MERCATI Dopo?,"Nov 2, 2020",0
2020-07-09,fW6HVXOQ5lk,Chi Vincerà le ELEZIONI?? E Cosa Succederà ai MERCATI Dopo?,"Nov 2, 2020",0
2020-07-10,fW6HVXOQ5lk,Chi Vincerà le ELEZIONI?? E Cosa Succederà ai MERCATI Dopo?,"Nov 2, 2020",0
2020-07-11,fW6HVXOQ5lk,Chi Vincerà le ELEZIONI?? E Cosa Succederà ai MERCATI Dopo?,"Nov 2, 2020",0
2020-07-12,fW6HVXOQ5lk,Chi Vincerà le ELEZIONI?? E Cosa Succederà ai MERCATI Dopo?,"Nov 2, 2020",0
2020-07-13,fW6HVXOQ5lk,Chi Vincerà le ELEZIONI?? E Cosa Succederà ai MERCATI Dopo?,"Nov 2, 2020",0
2020-07-14,fW6HVXOQ5lk,Chi Vincerà le ELEZIONI?? E Cosa Succederà ai MERCATI Dopo?,"Nov 2, 2020",0
2020-07-15,fW6HVXOQ5lk,Chi Vincerà le ELEZIONI?? E Cosa Succederà ai MERCATI Dopo?,"Nov 2, 2020",0
2020-07-16,fW6HVXOQ5lk,Chi Vincerà le ELEZIONI?? E Cosa Succederà ai MERCATI Dopo?,"Nov 2, 2020",0
2020-07-17,fW6HVXOQ5lk,Chi Vincerà le ELEZIONI?? E Cosa Succederà ai MERCATI Dopo?,"Nov 2, 2020",0
2020-07-18,fW6HVXOQ5lk,Chi Vincerà le ELEZIONI?? E Cosa Succederà ai MERCATI Dopo?,"Nov 2, 2020",0
2020-07-19,fW6HVXOQ5lk,Chi Vincerà le ELEZIONI?? E Cosa Succederà ai MERCATI Dopo?,"Nov 2, 2020",0
2020-07-20,fW6HVXOQ5lk,Chi Vincerà le ELEZIONI?? E Cosa Succederà ai MERCATI Dopo?,"Nov 2, 2020",0
2020-07-21,fW6HVXOQ5lk,Chi Vincerà le ELEZIONI?? E Cosa Succederà ai MERCATI Dopo?,"Nov 2, 2020",0
2020-07-22,fW6HVXOQ5lk,Chi Vincerà le ELEZIONI?? E Cosa Succederà ai MERCATI Dopo?,"Nov 2, 2020",0
2020-07-23,fW6HVXOQ5lk,Chi Vincerà le ELEZIONI?? E Cosa Succederà ai MERCATI Dopo?,"Nov 2, 2020",0
2020-07-24,fW6HVXOQ5lk,Chi Vincerà le ELEZIONI?? E Cosa Succederà ai MERCATI Dopo?,"Nov 2, 2020",0
2020-07-25,fW6HVXOQ5lk,Chi Vincerà le ELEZIONI?? E Cosa Succederà ai MERCATI Dopo?,"Nov 2, 2020",0
2020-07-26,fW6HVXOQ5lk,Chi Vincerà le ELEZIONI?? E Cosa Succederà ai MERCATI Dopo?,"Nov 2, 2020",0
2020-07-27,fW6HVXOQ5lk,Chi Vincerà le ELEZIONI?? E Cosa Succederà ai MERCATI Dopo?,"Nov 2, 2020",0
2020-07-28,fW6HVXOQ5lk,Chi Vincerà le ELEZIONI?? E Cosa Succederà ai MERCATI Dopo?,"Nov 2, 2020",0
2020-07-29,fW6HVXOQ5lk,Chi Vincerà le ELEZIONI?? E Cosa Succederà ai MERCATI Dopo?,"Nov 2, 2020",0
2020-07-30,fW6HVXOQ5lk,Chi Vincerà le ELEZIONI?? E Cosa Succederà ai MERCATI Dopo?,"Nov 2, 2020",0
2020-07-31,fW6HVXOQ5lk,Chi Vincerà le ELEZIONI?? E Cosa Succederà ai MERCATI Dopo?,"Nov 2, 2020",0
2020-08-01,fW6HVXOQ5lk,Chi Vincerà le ELEZIONI?? E Cosa Succederà ai MERCATI Dopo?,"Nov 2, 2020",0
2020-08-02,fW6HVXOQ5lk,Chi Vincerà le ELEZIONI?? E Cosa Succederà ai MERCATI Dopo?,"Nov 2, 2020",0
2020-08-03,fW6HVXOQ5lk,Chi Vincerà le ELEZIONI?? E Cosa Succederà ai MERCATI Dopo?,"Nov 2, 2020",0
2020-08-04,fW6HVXOQ5lk,Chi Vincerà le ELEZIONI?? E Cosa Succederà ai MERCATI Dopo?,"Nov 2, 2020",0
2020-08-05,fW6HVXOQ5lk,Chi Vincerà le ELEZIONI?? E Cosa Succederà ai MERCATI Dopo?,"Nov 2, 2020",0
2020-08-06,fW6HVXOQ5lk,Chi Vincerà le ELEZIONI?? E Cosa Succederà ai MERCATI Dopo?,"Nov 2, 2020",0
2020-08-07,fW6HVXOQ5lk,Chi Vincerà le ELEZIONI?? E Cosa Succederà ai MERCATI Dopo?,"Nov 2, 2020",0
2020-08-08,fW6HVXOQ5lk,Chi Vincerà le ELEZIONI?? E Cosa Succederà ai MERCATI Dopo?,"Nov 2, 2020",0
2020-08-09,fW6HVXOQ5lk,Chi Vincerà le ELEZIONI?? E Cosa Succederà ai MERCATI Dopo?,"Nov 2, 2020",0
2020-08-10,fW6HVXOQ5lk,Chi Vincerà le ELEZIONI?? E Cosa Succederà ai MERCATI Dopo?,"Nov 2, 2020",0
2020-08-11,fW6HVXOQ5lk,Chi Vincerà le ELEZIONI?? E Cosa Succederà ai MERCATI Dopo?,"Nov 2, 2020",0
2020-08-12,fW6HVXOQ5lk,Chi Vincerà le ELEZIONI?? E Cosa Succederà ai MERCATI Dopo?,"Nov 2, 2020",0
2020-08-13,fW6HVXOQ5lk,Chi Vincerà le ELEZIONI?? E Cosa Succederà ai MERCATI Dopo?,"Nov 2, 2020",0
2020-08-14,fW6HVXOQ5lk,Chi Vincerà le ELEZIONI?? E Cosa Succederà ai MERCATI Dopo?,"Nov 2, 2020",0
2020-08-15,fW6HVXOQ5lk,Chi Vincerà le ELEZIONI?? E Cosa Succederà ai MERCATI Dopo?,"Nov 2, 2020",0
2020-08-16,fW6HVXOQ5lk,Chi Vincerà le ELEZIONI?? E Cosa Succederà ai MERCATI Dopo?,"Nov 2, 2020",0
2020-08-17,fW6HVXOQ5lk,Chi Vincerà le ELEZIONI?? E Cosa Succederà ai MERCATI Dopo?,"Nov 2, 2020",0
2020-08-18,fW6HVXOQ5lk,Chi Vincerà le ELEZIONI?? E Cosa Succederà ai MERCATI Dopo?,"Nov 2, 2020",0
2020-08-19,fW6HVXOQ5lk,Chi Vincerà le ELEZIONI?? E Cosa Succederà ai MERCATI Dopo?,"Nov 2, 2020",0
2020-08-20,fW6HVXOQ5lk,Chi Vincerà le ELEZIONI?? E Cosa Succederà ai MERCATI Dopo?,"Nov 2, 2020",0
2020-08-21,fW6HVXOQ5lk,Chi Vincerà le ELEZIONI?? E Cosa Succederà ai MERCATI Dopo?,"Nov 2, 2020",0
2020-08-22,fW6HVXOQ5lk,Chi Vincerà le ELEZIONI?? E Cosa Succederà ai MERCATI Dopo?,"Nov 2, 2020",0
2020-08-23,fW6HVXOQ5lk,Chi Vincerà le ELEZIONI?? E Cosa Succederà ai MERCATI Dopo?,"Nov 2, 2020",0
2020-08-24,fW6HVXOQ5lk,Chi Vincerà le ELEZIONI?? E Cosa Succederà ai MERCATI Dopo?,"Nov 2, 2020",0
2020-08-25,fW6HVXOQ5lk,Chi Vincerà le ELEZIONI?? E Cosa Succederà ai MERCATI Dopo?,"Nov 2, 2020",0
2020-08-26,fW6HVXOQ5lk,Chi Vincerà le ELEZIONI?? E Cosa Succederà ai MERCATI Dopo?,"Nov 2, 2020",0
2020-08-27,fW6HVXOQ5lk,Chi Vincerà le ELEZIONI?? E Cosa Succederà ai MERCATI Dopo?,"Nov 2, 2020",0
2020-08-28,fW6HVXOQ5lk,Chi Vincerà le ELEZIONI?? E Cosa Succederà ai MERCATI Dopo?,"Nov 2, 2020",0
2020-08-29,fW6HVXOQ5lk,Chi Vincerà le ELEZIONI?? E Cosa Succederà ai MERCATI Dopo?,"Nov 2, 2020",0
2020-08-30,fW6HVXOQ5lk,Chi Vincerà le ELEZIONI?? E Cosa Succederà ai MERCATI Dopo?,"Nov 2, 2020",0
2020-08-31,fW6HVXOQ5lk,Chi Vincerà le ELEZIONI?? E Cosa Succederà ai MERCATI Dopo?,"Nov 2, 2020",0
2020-09-01,fW6HVXOQ5lk,Chi Vincerà le ELEZIONI?? E Cosa Succederà ai MERCATI Dopo?,"Nov 2, 2020",0
2020-09-02,fW6HVXOQ5lk,Chi Vincerà le ELEZIONI?? E Cosa Succederà ai MERCATI Dopo?,"Nov 2, 2020",0
2020-09-03,fW6HVXOQ5lk,Chi Vincerà le ELEZIONI?? E Cosa Succederà ai MERCATI Dopo?,"Nov 2, 2020",0
2020-09-04,fW6HVXOQ5lk,Chi Vincerà le ELEZIONI?? E Cosa Succederà ai MERCATI Dopo?,"Nov 2, 2020",0
2020-09-05,fW6HVXOQ5lk,Chi Vincerà le ELEZIONI?? E Cosa Succederà ai MERCATI Dopo?,"Nov 2, 2020",0
2020-09-06,fW6HVXOQ5lk,Chi Vincerà le ELEZIONI?? E Cosa Succederà ai MERCATI Dopo?,"Nov 2, 2020",0
2020-09-07,fW6HVXOQ5lk,Chi Vincerà le ELEZIONI?? E Cosa Succederà ai MERCATI Dopo?,"Nov 2, 2020",0
2020-09-08,fW6HVXOQ5lk,Chi Vincerà le ELEZIONI?? E Cosa Succederà ai MERCATI Dopo?,"Nov 2, 2020",0
2020-09-09,fW6HVXOQ5lk,Chi Vincerà le ELEZIONI?? E Cosa Succederà ai MERCATI Dopo?,"Nov 2, 2020",0
2020-09-10,fW6HVXOQ5lk,Chi Vincerà le ELEZIONI?? E Cosa Succederà ai MERCATI Dopo?,"Nov 2, 2020",0
2020-09-11,fW6HVXOQ5lk,Chi Vincerà le ELEZIONI?? E Cosa Succederà ai MERCATI Dopo?,"Nov 2, 2020",0
2020-09-12,fW6HVXOQ5lk,Chi Vincerà le ELEZIONI?? E Cosa Succederà ai MERCATI Dopo?,"Nov 2, 2020",0
2020-09-13,fW6HVXOQ5lk,Chi Vincerà le ELEZIONI?? E Cosa Succederà ai MERCATI Dopo?,"Nov 2, 2020",0
2020-09-14,fW6HVXOQ5lk,Chi Vincerà le ELEZIONI?? E Cosa Succederà ai MERCATI Dopo?,"Nov 2, 2020",0
2020-09-15,fW6HVXOQ5lk,Chi Vincerà le ELEZIONI?? E Cosa Succederà ai MERCATI Dopo?,"Nov 2, 2020",0
2020-09-16,fW6HVXOQ5lk,Chi Vincerà le ELEZIONI?? E Cosa Succederà ai MERCATI Dopo?,"Nov 2, 2020",0
2020-09-17,fW6HVXOQ5lk,Chi Vincerà le ELEZIONI?? E Cosa Succederà ai MERCATI Dopo?,"Nov 2, 2020",0
2020-09-18,fW6HVXOQ5lk,Chi Vincerà le ELEZIONI?? E Cosa Succederà ai MERCATI Dopo?,"Nov 2, 2020",0
2020-09-19,fW6HVXOQ5lk,Chi Vincerà le ELEZIONI?? E Cosa Succederà ai MERCATI Dopo?,"Nov 2, 2020",0
2020-09-20,fW6HVXOQ5lk,Chi Vincerà le ELEZIONI?? E Cosa Succederà ai MERCATI Dopo?,"Nov 2, 2020",0
2020-09-21,fW6HVXOQ5lk,Chi Vincerà le ELEZIONI?? E Cosa Succederà ai MERCATI Dopo?,"Nov 2, 2020",0
2020-09-22,fW6HVXOQ5lk,Chi Vincerà le ELEZIONI?? E Cosa Succederà ai MERCATI Dopo?,"Nov 2, 2020",0
2020-09-23,fW6HVXOQ5lk,Chi Vincerà le ELEZIONI?? E Cosa Succederà ai MERCATI Dopo?,"Nov 2, 2020",0
2020-09-24,fW6HVXOQ5lk,Chi Vincerà le ELEZIONI?? E Cosa Succederà ai MERCATI Dopo?,"Nov 2, 2020",0
2020-09-25,fW6HVXOQ5lk,Chi Vincerà le ELEZIONI?? E Cosa Succederà ai MERCATI Dopo?,"Nov 2, 2020",0
2020-09-26,fW6HVXOQ5lk,Chi Vincerà le ELEZIONI?? E Cosa Succederà ai MERCATI Dopo?,"Nov 2, 2020",0
2020-09-27,fW6HVXOQ5lk,Chi Vincerà le ELEZIONI?? E Cosa Succederà ai MERCATI Dopo?,"Nov 2, 2020",0
2020-09-28,fW6HVXOQ5lk,Chi Vincerà le ELEZIONI?? E Cosa Succederà ai MERCATI Dopo?,"Nov 2, 2020",0
2020-09-29,fW6HVXOQ5lk,Chi Vincerà le ELEZIONI?? E Cosa Succederà ai MERCATI Dopo?,"Nov 2, 2020",0
2020-09-30,fW6HVXOQ5lk,Chi Vincerà le ELEZIONI?? E Cosa Succederà ai MERCATI Dopo?,"Nov 2, 2020",0
2020-10-01,fW6HVXOQ5lk,Chi Vincerà le ELEZIONI?? E Cosa Succederà ai MERCATI Dopo?,"Nov 2, 2020",0
2020-10-02,fW6HVXOQ5lk,Chi Vincerà le ELEZIONI?? E Cosa Succederà ai MERCATI Dopo?,"Nov 2, 2020",0
2020-10-03,fW6HVXOQ5lk,Chi Vincerà le ELEZIONI?? E Cosa Succederà ai MERCATI Dopo?,"Nov 2, 2020",0
2020-10-04,fW6HVXOQ5lk,Chi Vincerà le ELEZIONI?? E Cosa Succederà ai MERCATI Dopo?,"Nov 2, 2020",0
2020-10-05,fW6HVXOQ5lk,Chi Vincerà le ELEZIONI?? E Cosa Succederà ai MERCATI Dopo?,"Nov 2, 2020",0
2020-10-06,fW6HVXOQ5lk,Chi Vincerà le ELEZIONI?? E Cosa Succederà ai MERCATI Dopo?,"Nov 2, 2020",0
2020-10-07,fW6HVXOQ5lk,Chi Vincerà le ELEZIONI?? E Cosa Succederà ai MERCATI Dopo?,"Nov 2, 2020",0
2020-10-08,fW6HVXOQ5lk,Chi Vincerà le ELEZIONI?? E Cosa Succederà ai MERCATI Dopo?,"Nov 2, 2020",0
2020-10-09,fW6HVXOQ5lk,Chi Vincerà le ELEZIONI?? E Cosa Succederà ai MERCATI Dopo?,"Nov 2, 2020",0
2020-10-10,fW6HVXOQ5lk,Chi Vincerà le ELEZIONI?? E Cosa Succederà ai MERCATI Dopo?,"Nov 2, 2020",0
2020-10-11,fW6HVXOQ5lk,Chi Vincerà le ELEZIONI?? E Cosa Succederà ai MERCATI Dopo?,"Nov 2, 2020",0
2020-10-12,fW6HVXOQ5lk,Chi Vincerà le ELEZIONI?? E Cosa Succederà ai MERCATI Dopo?,"Nov 2, 2020",0
2020-10-13,fW6HVXOQ5lk,Chi Vincerà le ELEZIONI?? E Cosa Succederà ai MERCATI Dopo?,"Nov 2, 2020",0
2020-10-14,fW6HVXOQ5lk,Chi Vincerà le ELEZIONI?? E Cosa Succederà ai MERCATI Dopo?,"Nov 2, 2020",0
2020-10-15,fW6HVXOQ5lk,Chi Vincerà le ELEZIONI?? E Cosa Succederà ai MERCATI Dopo?,"Nov 2, 2020",0
2020-10-16,fW6HVXOQ5lk,Chi Vincerà le ELEZIONI?? E Cosa Succederà ai MERCATI Dopo?,"Nov 2, 2020",0
2020-10-17,fW6HVXOQ5lk,Chi Vincerà le ELEZIONI?? E Cosa Succederà ai MERCATI Dopo?,"Nov 2, 2020",0
2020-10-18,fW6HVXOQ5lk,Chi Vincerà le ELEZIONI?? E Cosa Succederà ai MERCATI Dopo?,"Nov 2, 2020",0
2020-10-19,fW6HVXOQ5lk,Chi Vincerà le ELEZIONI?? E Cosa Succederà ai MERCATI Dopo?,"Nov 2, 2020",0
2020-10-20,fW6HVXOQ5lk,Chi Vincerà le ELEZIONI?? E Cosa Succederà ai MERCATI Dopo?,"Nov 2, 2020",0
2020-10-21,fW6HVXOQ5lk,Chi Vincerà le ELEZIONI?? E Cosa Succederà ai MERCATI Dopo?,"Nov 2, 2020",0
2020-10-22,fW6HVXOQ5lk,Chi Vincerà le ELEZIONI?? E Cosa Succederà ai MERCATI Dopo?,"Nov 2, 2020",0
2020-10-23,fW6HVXOQ5lk,Chi Vincerà le ELEZIONI?? E Cosa Succederà ai MERCATI Dopo?,"Nov 2, 2020",0
2020-10-24,fW6HVXOQ5lk,Chi Vincerà le ELEZIONI?? E Cosa Succederà ai MERCATI Dopo?,"Nov 2, 2020",0
2020-10-25,fW6HVXOQ5lk,Chi Vincerà le ELEZIONI?? E Cosa Succederà ai MERCATI Dopo?,"Nov 2, 2020",0
2020-10-26,fW6HVXOQ5lk,Chi Vincerà le ELEZIONI?? E Cosa Succederà ai MERCATI Dopo?,"Nov 2, 2020",0
2020-10-27,fW6HVXOQ5lk,Chi Vincerà le ELEZIONI?? E Cosa Succederà ai MERCATI Dopo?,"Nov 2, 2020",0
2020-10-28,fW6HVXOQ5lk,Chi Vincerà le ELEZIONI?? E Cosa Succederà ai MERCATI Dopo?,"Nov 2, 2020",0
2020-10-29,fW6HVXOQ5lk,Chi Vincerà le ELEZIONI?? E Cosa Succederà ai MERCATI Dopo?,"Nov 2, 2020",0
2020-10-30,fW6HVXOQ5lk,Chi Vincerà le ELEZIONI?? E Cosa Succederà ai MERCATI Dopo?,"Nov 2, 2020",0
2020-10-31,fW6HVXOQ5lk,Chi Vincerà le ELEZIONI?? E Cosa Succederà ai MERCATI Dopo?,"Nov 2, 2020",0
2020-11-01,fW6HVXOQ5lk,Chi Vincerà le ELEZIONI?? E Cosa Succederà ai MERCATI Dopo?,"Nov 2, 2020",0
2020-11-02,fW6HVXOQ5lk,Chi Vincerà le ELEZIONI?? E Cosa Succederà ai MERCATI Dopo?,"Nov 2, 2020",2
2020-11-03,fW6HVXOQ5lk,Chi Vincerà le ELEZIONI?? E Cosa Succederà ai MERCATI Dopo?,"Nov 2, 2020",2
2020-11-04,fW6HVXOQ5lk,Chi Vincerà le ELEZIONI?? E Cosa Succederà ai MERCATI Dopo?,"Nov 2, 2020",0
2020-11-05,fW6HVXOQ5lk,Chi Vincerà le ELEZIONI?? E Cosa Succederà ai MERCATI Dopo?,"Nov 2, 2020",0
2020-11-06,fW6HVXOQ5lk,Chi Vincerà le ELEZIONI?? E Cosa Succederà ai MERCATI Dopo?,"Nov 2, 2020",0
2020-11-07,fW6HVXOQ5lk,Chi Vincerà le ELEZIONI?? E Cosa Succederà ai MERCATI Dopo?,"Nov 2, 2020",0
2020-11-08,fW6HVXOQ5lk,Chi Vincerà le ELEZIONI?? E Cosa Succederà ai MERCATI Dopo?,"Nov 2, 2020",0
2020-11-09,fW6HVXOQ5lk,Chi Vincerà le ELEZIONI?? E Cosa Succederà ai MERCATI Dopo?,"Nov 2, 2020",0
2020-11-10,fW6HVXOQ5lk,Chi Vincerà le ELEZIONI?? E Cosa Succederà ai MERCATI Dopo?,"Nov 2, 2020",0
2020-11-11,fW6HVXOQ5lk,Chi Vincerà le ELEZIONI?? E Cosa Succederà ai MERCATI Dopo?,"Nov 2, 2020",0
2020-11-12,fW6HVXOQ5lk,Chi Vincerà le ELEZIONI?? E Cosa Succederà ai MERCATI Dopo?,"Nov 2, 2020",0
2020-11-13,fW6HVXOQ5lk,Chi Vincerà le ELEZIONI?? E Cosa Succederà ai MERCATI Dopo?,"Nov 2, 2020",0
2020-11-14,fW6HVXOQ5lk,Chi Vincerà le ELEZIONI?? E Cosa Succederà ai MERCATI Dopo?,"Nov 2, 2020",1
2020-11-15,fW6HVXOQ5lk,Chi Vincerà le ELEZIONI?? E Cosa Succederà ai MERCATI Dopo?,"Nov 2, 2020",0
2020-11-16,fW6HVXOQ5lk,Chi Vincerà le ELEZIONI?? E Cosa Succederà ai MERCATI Dopo?,"Nov 2, 2020",0
2020-11-17,fW6HVXOQ5lk,Chi Vincerà le ELEZIONI?? E Cosa Succederà ai MERCATI Dopo?,"Nov 2, 2020",0
2020-11-18,fW6HVXOQ5lk,Chi Vincerà le ELEZIONI?? E Cosa Succederà ai MERCATI Dopo?,"Nov 2, 2020",0
2020-11-19,fW6HVXOQ5lk,Chi Vincerà le ELEZIONI?? E Cosa Succederà ai MERCATI Dopo?,"Nov 2, 2020",0
2020-11-20,fW6HVXOQ5lk,Chi Vincerà le ELEZIONI?? E Cosa Succederà ai MERCATI Dopo?,"Nov 2, 2020",0
2020-11-21,fW6HVXOQ5lk,Chi Vincerà le ELEZIONI?? E Cosa Succederà ai MERCATI Dopo?,"Nov 2, 2020",0
2020-11-22,fW6HVXOQ5lk,Chi Vincerà le ELEZIONI?? E Cosa Succederà ai MERCATI Dopo?,"Nov 2, 2020",0
2020-11-23,fW6HVXOQ5lk,Chi Vincerà le ELEZIONI?? E Cosa Succederà ai MERCATI Dopo?,"Nov 2, 2020",0
2020-11-24,fW6HVXOQ5lk,Chi Vincerà le ELEZIONI?? E Cosa Succederà ai MERCATI Dopo?,"Nov 2, 2020",0
2020-11-25,fW6HVXOQ5lk,Chi Vincerà le ELEZIONI?? E Cosa Succederà ai MERCATI Dopo?,"Nov 2, 2020",0
2020-11-26,fW6HVXOQ5lk,Chi Vincerà le ELEZIONI?? E Cosa Succederà ai MERCATI Dopo?,"Nov 2, 2020",0
2020-11-27,fW6HVXOQ5lk,Chi Vincerà le ELEZIONI?? E Cosa Succederà ai MERCATI Dopo?,"Nov 2, 2020",0
2020-11-28,fW6HVXOQ5lk,Chi Vincerà le ELEZIONI?? E Cosa Succederà ai MERCATI Dopo?,"Nov 2, 2020",0
2020-11-29,fW6HVXOQ5lk,Chi Vincerà le ELEZIONI?? E Cosa Succederà ai MERCATI Dopo?,"Nov 2, 2020",0
2020-11-30,fW6HVXOQ5lk,Chi Vincerà le ELEZIONI?? E Cosa Succederà ai MERCATI Dopo?,"Nov 2, 2020",0
2020-12-01,fW6HVXOQ5lk,Chi Vincerà le ELEZIONI?? E Cosa Succederà ai MERCATI Dopo?,"Nov 2, 2020",0
2020-12-02,fW6HVXOQ5lk,Chi Vincerà le ELEZIONI?? E Cosa Succederà ai MERCATI Dopo?,"Nov 2, 2020",0
2020-12-03,fW6HVXOQ5lk,Chi Vincerà le ELEZIONI?? E Cosa Succederà ai MERCATI Dopo?,"Nov 2, 2020",0
2020-12-04,fW6HVXOQ5lk,Chi Vincerà le ELEZIONI?? E Cosa Succederà ai MERCATI Dopo?,"Nov 2, 2020",0
2020-12-05,fW6HVXOQ5lk,Chi Vincerà le ELEZIONI?? E Cosa Succederà ai MERCATI Dopo?,"Nov 2, 2020",0
2020-12-06,fW6HVXOQ5lk,Chi Vincerà le ELEZIONI?? E Cosa Succederà ai MERCATI Dopo?,"Nov 2, 2020",0
2020-12-07,fW6HVXOQ5lk,Chi Vincerà le ELEZIONI?? E Cosa Succederà ai MERCATI Dopo?,"Nov 2, 2020",0
2020-12-08,fW6HVXOQ5lk,Chi Vincerà le ELEZIONI?? E Cosa Succederà ai MERCATI Dopo?,"Nov 2, 2020",0
2020-12-09,fW6HVXOQ5lk,Chi Vincerà le ELEZIONI?? E Cosa Succederà ai MERCATI Dopo?,"Nov 2, 2020",0
2020-12-10,fW6HVXOQ5lk,Chi Vincerà le ELEZIONI?? E Cosa Succederà ai MERCATI Dopo?,"Nov 2, 2020",0
2020-12-11,fW6HVXOQ5lk,Chi Vincerà le ELEZIONI?? E Cosa Succederà ai MERCATI Dopo?,"Nov 2, 2020",0
